A01,A02,A03,A04,A05,A06,A07,A08,A09,A10,A11,A12,A13,A14,B01,B02,B03,C01,C02,C03,C04,C05,C06,C07,D01,D02,D03,E01,F01,F02,F03,F04,F05,F06,G01,G02,G03,G04,WA,SP,TEAM,VENDOR_UID,RESPONDED_AT
5,5,5,4,5,5,5,5,5,5,5,4,5,5,3,5,5,5,5,5,5,4,4,5,5,5,2,5,5,5,5,5,5,5,2,2,2,1,9,4,Labor and Delivery 001,abd95f22f1c49983af3961394fcdd9f8,2024-09-03 01:24:44
5,5,1,5,4,3,3,5,1,5,5,5,5,5,5,5,5,5,4,3,5,5,5,4,5,5,1,5,5,5,4,5,5,5,2,2,2,1,29,23,Patient Access Admitting 002,e7868fffb53f92245b03e2f058fb821e,2024-09-03 02:30:57
5,5,5,5,5,5,5,5,5,5,5,5,5,5,5,5,5,5,5,5,5,5,5,5,4,5,4,5,5,5,5,5,5,5,3,2,3,1,11,15,Neonatal ICU Unit 001,56018995d93edee1396d232a9d6e518f,2024-09-03 03:45:34
5,1,2,2,3,4,4,5,4,4,1,2,2,1,4,4,3,2,2,2,5,,4,4,2,5,2,2,1,1,5,4,4,4,4,4,2,1,6,4,Emergency Department,54de765a97ecb0b8668bd598c8bf92ba,2024-09-03 04:35:33
5,2,4,5,2,5,5,5,5,5,5,5,5,5,5,5,5,5,5,4,5,,5,5,4,5,2,5,4,4,4,,4,5,4,4,2,2,21,23,Imaging Admin 001,b71f2db0d1031a13b9cb591a0041f7cb,2024-09-03 04:51:51
5,4,4,4,5,4,4,5,3,4,4,4,3,3,3,4,3,2,2,3,5,3,3,4,2,4,3,5,5,4,4,4,4,5,2,2,2,1,18,4,Recovery Room,9fc69a5963cce5c02903f3ccc8324892,2024-09-03 05:02:44
5,5,4,5,5,5,5,5,5,5,5,5,5,5,5,5,5,5,5,4,4,5,5,5,5,5,3,4,5,5,4,5,5,5,3,3,3,2,18,15,Surgical Services Admin 001,270c383be0dd0e64af1cfa6842387aa2,2024-09-03 05:23:07
5,5,4,4,4,5,4,5,5,5,3,4,5,4,5,5,5,5,5,5,5,5,5,5,4,4,4,5,4,5,4,4,,,3,2,2,1,18,4,Recovery Room,ae21b0b44b838793dc0d704a2cbb0a34,2024-09-03 05:30:53
5,3,5,5,4,5,5,5,5,5,5,5,5,5,5,5,5,5,5,5,5,5,5,5,4,5,5,5,5,5,5,5,5,5,4,4,3,1,18,15,Surgery,f3eac0f47f269b6663cc4320676e023e,2024-09-03 05:34:55
5,5,5,5,5,5,5,5,5,5,5,5,5,5,5,5,5,5,5,5,5,5,5,5,5,5,1,5,5,5,5,,5,5,1,1,2,2,18,16,Sterile Processing 001,5a8bc8da59bb862f431c1ab755523922,2024-09-03 05:44:00
4,2,3,3,2,3,3,4,2,3,3,4,3,3,5,3,4,4,5,4,4,,4,,5,5,1,4,5,5,3,,,,3,3,2,1,4,14,Surgery,4d421a3fcfb53cce52b08204ebbd3a55,2024-09-03 05:57:52
5,4,5,5,5,5,4,5,5,1,3,4,4,4,5,5,4,4,5,5,4,5,5,4,5,5,2,5,4,4,4,5,,,1,1,1,1,18,4,Recovery Room,326b3842d704911ae0f72f91a4b8da2e,2024-09-03 05:57:55
5,4,4,4,4,4,4,5,5,3,3,3,,4,5,5,5,5,4,3,5,4,3,3,5,5,1,5,3,3,2,,,,2,2,2,1,1,10,Physical Therapy,02675aa0fe8afa976b8ada01350869ab,2024-09-03 05:58:29
5,5,4,3,4,3,3,4,4,3,4,2,3,3,3,4,3,3,3,2,4,,3,4,3,3,2,3,3,3,2,4,4,4,2,2,2,1,18,4,Recovery Room,bce7c8d21e1376d0c667b7eaf2f1d960,2024-09-03 06:02:31
5,2,4,4,4,4,4,5,4,4,4,4,4,4,4,4,4,4,4,4,5,5,4,5,5,5,2,4,4,4,4,3,4,4,2,2,2,1,8,3,Intensive Care Unit,a214560d225c10a93d449f295a9e10df,2024-09-03 06:08:55
5,5,4,5,4,4,3,5,4,5,4,5,4,4,5,4,5,5,5,5,5,5,5,5,5,5,1,5,5,5,4,4,4,5,4,2,2,1,1,4,Infection Control,2b78ae6b21d09942170487f6ad4ae1d8,2024-09-03 06:17:50
5,4,4,5,5,5,5,5,4,5,5,5,5,5,5,5,5,5,5,5,5,5,5,5,4,5,4,5,5,5,5,4,5,5,4,4,3,1,21,15,Imaging Admin 001,b6caf780c9c19ca221ea87a15269f10f,2024-09-03 06:26:48
5,4,4,4,4,4,4,5,4,4,4,4,,,5,4,4,4,5,4,5,,,4,,,1,4,5,5,4,,,,2,2,3,2,34,24,Materials Management,f096bd5ff6f76c1e1dd5ae95fb78658f,2024-09-03 07:15:19
5,3,2,5,1,5,5,5,5,5,2,4,5,5,5,5,5,4,5,5,3,5,5,4,5,5,2,4,5,5,4,2,4,5,3,3,2,1,4,14,Surgery,dcb2fdcf5c3f87b01a417b49dcece44b,2024-09-03 07:15:34
5,5,5,5,5,5,5,5,5,5,5,5,5,5,5,5,5,5,4,5,5,5,5,5,5,5,1,5,5,5,5,5,5,5,4,4,3,1,34,15,Cardiology Services Admin 001,52542e52688ddf48c906c6f43bf16145,2024-09-03 07:16:46
5,4,5,5,3,5,5,5,3,5,5,5,5,5,4,5,5,5,5,5,5,4,5,4,4,5,3,5,4,4,4,4,4,5,3,2,2,1,9,4,Mother Baby Unit 001,2101f37369f18677f344a19876419432,2024-09-03 07:17:56
4,2,4,4,4,4,3,4,4,4,4,4,4,4,4,4,4,4,4,4,4,3,4,3,5,5,2,3,4,4,4,4,4,4,1,1,2,2,18,14,Sterile Processing 001,4aa3c6e1e506f214a1273f0dc05e6f07,2024-09-03 07:30:20
5,2,,3,2,2,3,5,1,4,4,5,3,5,3,4,4,4,5,5,4,,3,,,,1,4,1,1,1,1,3,4,2,1,2,1,8,3,Intensive Care Unit,2945345e440ea8e9f8ac5a564b9c3142,2024-09-03 07:30:41
5,5,3,5,5,4,4,5,4,4,4,4,4,5,4,5,5,3,5,3,5,4,4,5,5,5,1,5,5,5,5,,,,4,3,2,2,18,24,Surgical Services Admin 001,3b38e8e73c1a3d9c25b9762385416728,2024-09-03 07:37:14
5,3,4,5,4,3,4,5,4,4,3,4,4,4,5,5,5,5,5,5,5,5,5,5,4,5,4,4,4,4,3,4,4,5,2,2,2,1,9,4,Labor and Delivery 001,9b66aa52263f9cd8f0f8db78356556ad,2024-09-03 07:44:43
5,5,1,5,4,3,2,5,5,5,3,4,4,5,4,5,5,2,4,2,5,4,4,3,4,5,4,5,4,4,3,5,2,1,4,4,3,1,18,4,Pre Surgery,e861bb1d5dc3adcf00424f29f68b56ee,2024-09-03 07:49:43
5,4,4,4,4,3,4,5,5,5,5,4,3,5,5,5,5,5,5,5,5,5,5,5,5,,2,5,5,4,2,,,,2,2,1,1,14,10,Physical Therapy,2e6d524fd8cfd1fa0ad941b64431ae2e,2024-09-03 08:06:53
5,5,3,5,5,4,4,5,4,5,5,4,4,4,4,4,5,4,4,3,4,,5,3,,,1,5,5,5,4,,,,2,2,2,2,18,15,Surgery,b92acc04f1c07a10bd9d58574f51ec13,2024-09-03 08:10:49
5,4,5,4,5,5,5,5,5,5,5,5,5,5,5,5,5,5,5,5,5,4,5,5,4,5,4,5,4,5,4,4,4,5,4,4,2,1,21,15,Cardiac Cath Lab,3eda8ea5fb2475e207c3d9a43b0e44ff,2024-09-03 08:10:59
4,5,5,2,3,2,3,5,5,2,4,3,4,4,4,5,4,2,2,2,4,,4,3,4,4,2,2,3,3,2,5,5,5,1,1,2,1,6,4,Observation Unit 001,d502a1dfffec185cc1ee630e3f53d46d,2024-09-03 08:12:30
5,3,3,2,1,5,5,5,3,5,3,4,5,2,3,5,4,4,4,4,5,5,3,4,3,3,3,2,3,3,2,2,,,2,2,2,1,18,4,Recovery Room,00e659de1ab31866ca84ca18b84a803f,2024-09-03 08:21:12
4,2,2,4,4,2,3,4,5,4,2,3,5,2,5,5,5,5,5,5,3,4,5,4,4,5,1,3,2,4,2,3,3,4,2,1,2,1,2,4,Intensive Care Unit,2d33cfda89b27cb6dad68e4a1bfa535b,2024-09-03 08:24:19
5,2,4,5,4,4,4,5,4,5,4,5,4,5,4,4,4,4,5,5,4,4,4,4,5,5,3,4,4,4,3,3,4,3,3,3,2,1,9,4,Labor and Delivery 001,1f661a9cadb47ca6880b8d488286c4e7,2024-09-03 08:27:53
5,4,,5,2,3,1,5,4,4,3,4,4,4,5,4,5,4,5,4,4,5,5,5,4,4,,4,5,5,3,3,4,4,1,1,2,2,15,14,Monitor Room 001,790115de57329ad4afc68e79d3b5e35a,2024-09-03 08:29:12
4,4,2,3,4,3,3,4,5,3,4,3,3,3,2,4,2,5,3,2,5,5,4,5,4,5,1,5,1,1,1,2,2,3,3,3,2,1,21,14,Magnetic Resonance Imaging MRI,759b0f12eb2d7dc20e9e5880f01ff634,2024-09-03 08:30:37
4,2,2,4,2,2,2,4,4,4,4,4,4,4,4,4,4,4,5,5,4,5,4,5,4,5,1,4,4,4,4,4,4,4,4,4,2,2,18,14,Sterile Processing 001,753eebe7ad163b7ee5ad0d02447924f0,2024-09-03 08:40:47
5,3,,5,5,5,5,5,5,5,5,5,5,4,5,5,5,5,5,5,5,5,5,5,,,1,5,4,3,4,,,,3,2,2,2,28,15,Total Quality Management,3d112ad1850c42e2668678bfc462b096,2024-09-03 08:50:49
5,4,4,5,4,4,4,5,5,5,4,4,4,4,5,4,5,4,4,4,5,3,4,4,3,3,4,3,4,5,4,4,4,4,4,4,3,2,8,15,Intensive Care Unit,c5493481b2f111f573df035cfeccbd83,2024-09-03 09:21:44
5,3,3,4,4,3,4,5,4,4,3,2,3,3,2,2,3,4,4,3,5,4,4,2,4,5,2,4,3,3,3,2,3,4,3,2,2,1,8,4,Intensive Care Unit,b6a5c3697e9974ff15ed5880962daeb2,2024-09-03 09:23:54
,,,,,,,,,,,,,,,,,,,,,,,,,,1,5,,,,,,,4,2,2,2,34,23,Administration,7e92a4251fbbfa62c69ef1411db7a4dc,2024-09-03 09:29:36
4,1,2,4,2,3,4,5,5,4,4,4,2,3,4,4,4,4,4,2,5,4,3,4,3,4,3,1,2,1,1,2,4,3,1,1,3,1,8,4,Intensive Care Unit,953022d74b06c4edaadd4ebf238e8320,2024-09-03 09:32:59
5,4,4,4,2,4,4,5,5,4,3,4,4,4,4,4,4,4,4,3,4,4,4,4,,,3,4,4,4,2,,,,4,4,2,1,1,10,Physical Therapy,11def25158097f4edef946b789bfedfb,2024-09-03 09:38:16
5,2,4,2,4,3,2,5,5,2,4,4,3,4,4,4,5,3,3,2,4,,3,4,4,4,2,5,2,2,2,3,4,5,3,3,1,1,9,4,Labor and Delivery 001,c11ea98a82741cf7054f92819ea5150f,2024-09-03 10:03:49
5,3,4,4,4,3,3,5,4,4,3,3,4,4,3,4,4,5,5,5,4,,5,4,,5,3,5,4,4,4,4,4,4,1,1,2,1,9,4,Labor and Delivery 001,9f2834b3bc9e2fc99369022c5c73493c,2024-09-03 10:17:45
5,2,3,4,3,2,3,5,4,5,2,2,3,2,2,3,1,4,4,4,5,5,5,2,4,4,5,3,2,3,2,2,2,2,2,1,2,1,8,4,Intensive Care Unit,3ba17b39fdba6331cca3f482b7244696,2024-09-03 10:18:30
5,4,,,,,,5,,,,,,,,,,,,,,,,,,,1,,5,,,,,,4,4,2,2,34,15,Auxiliary,044f564c38b9324e1ff00af10168cd31,2024-09-03 10:44:09
4,2,2,4,2,5,5,5,5,2,5,3,5,4,5,5,5,4,5,5,5,5,5,5,,5,1,5,5,5,5,5,5,,3,3,2,1,1,10,Rehab Services Ambulatory 001,a03bb6fbe7e7ebec7bec4998648180b7,2024-09-03 11:03:16
5,5,5,4,5,5,5,5,2,4,5,4,5,5,5,4,4,4,4,4,5,5,5,5,,5,2,4,5,5,4,5,5,5,4,4,2,1,34,4,Cardiac Cath Lab,c99f894f18adf71194c40ff544d1052a,2024-09-03 11:04:44
5,4,4,4,5,5,5,5,5,5,3,4,4,4,4,4,5,5,4,4,4,3,5,4,3,5,5,4,4,4,4,2,3,4,3,3,3,1,6,15,Emergency Department,80bf468ecb6ed5b2d7439707833464db,2024-09-03 12:51:47
5,4,5,5,5,5,4,4,5,5,4,5,5,5,5,5,5,3,5,5,5,5,5,5,,,1,5,5,4,5,,,,2,2,2,1,18,4,Pre Surgery,d7db571b956fd23b8f218da351c855fe,2024-09-03 12:57:58
4,5,,3,,5,5,4,3,4,5,3,4,4,4,5,4,3,3,2,5,,3,3,,,1,3,3,3,4,,,,2,2,2,1,18,4,Pre Surgery,8c5390bb622fe20f4537241e13b63c16,2024-09-03 13:01:16
5,3,3,5,4,4,4,4,4,5,3,4,4,4,5,4,5,4,3,4,5,4,4,4,3,4,1,4,2,2,3,,3,,4,4,2,1,21,14,Ultrasound,77e4a41b8aa9549acbc28d4d49a59de7,2024-09-03 13:08:08
5,4,3,4,3,3,4,5,4,4,4,4,4,4,4,4,4,5,5,5,5,3,3,4,2,3,1,4,4,4,2,3,4,4,4,4,2,1,22,12,Respiratory Care 001,98afc7085e17e61154a4e5c99e920596,2024-09-03 13:17:14
4,1,2,5,2,,4,5,5,3,2,4,,4,5,4,5,5,5,5,5,5,5,5,4,4,1,4,4,4,3,,,5,2,2,3,2,34,24,Sterile Processing 001,5d89e6d3ced794cabedf0eecee928441,2024-09-03 14:35:05
4,2,3,4,3,3,2,4,3,3,3,3,3,3,3,4,4,5,5,5,4,5,,5,,,2,2,3,3,2,,,,3,2,2,1,6,9,Emergency Department,7cb20cdfd26e40dfaadb2b87d1b20f58,2024-09-03 18:00:53
5,2,1,5,2,2,2,4,3,3,2,4,3,4,3,4,4,5,5,4,3,2,5,5,5,5,2,2,5,3,2,2,3,4,2,2,1,1,2,4,Med Surg Unit,1944e84d14fbc577460e58fccaa46455,2024-09-03 18:49:17
5,3,4,5,3,4,4,5,5,4,3,5,5,5,5,5,5,4,4,5,5,,4,4,4,5,1,4,4,4,4,4,4,4,1,1,2,1,8,4,Intensive Care Unit,f29f02461a4f0387aeec49fb80b26e2e,2024-09-03 19:06:48
4,2,4,4,2,4,4,3,2,2,2,3,4,3,4,2,4,3,4,3,3,3,3,3,4,4,4,3,4,4,2,2,2,4,2,2,2,1,2,4,Med Surg Unit,ad3c03bd48750a1018f812080f87df82,2024-09-03 19:42:37
4,4,4,3,4,2,2,4,2,2,4,3,2,3,3,2,4,3,3,3,3,3,3,3,2,2,2,2,1,3,1,4,4,4,4,4,2,1,18,4,Cardiac Cath Lab,b4c7848c5dee71c322a38bc2c7264938,2024-09-03 20:31:02
4,2,2,3,3,3,3,4,4,4,1,2,1,1,2,3,2,4,4,4,4,4,3,4,4,4,2,3,3,2,2,3,4,2,2,2,2,1,8,4,Intensive Care Unit,3ce5fb64260dcec1ae8fe358fc230f46,2024-09-03 21:18:42
5,3,3,5,4,3,4,3,3,4,4,4,4,3,5,5,5,5,5,5,4,3,4,4,4,5,2,4,5,5,4,,,,2,2,2,2,18,14,Sterile Processing 001,354040889fa7199d1a3802021a14c4a8,2024-09-03 21:27:44
5,3,4,4,4,4,4,5,5,3,4,4,3,3,4,4,4,3,4,2,4,4,4,4,4,5,1,4,4,2,1,4,4,4,2,2,2,1,8,4,Intensive Care Unit,0f80eca106b4bd27b8ac13c6c6d226f7,2024-09-03 21:35:04
4,3,3,4,3,3,3,3,4,3,3,4,3,4,4,3,4,4,4,4,4,4,5,4,,,1,3,4,4,4,,,4,2,2,1,1,6,3,Emergency Department,f6dc75118b8fa0b646f9d628154da2c4,2024-09-03 22:02:52
4,4,4,2,2,2,2,4,2,2,3,2,2,2,2,4,3,2,1,1,2,2,1,2,,,1,2,2,2,,2,4,3,2,2,2,1,11,4,Neonatal ICU Unit 001,3e50c6bb43ab59f40632559480c819fd,2024-09-03 23:43:25
5,4,4,4,3,4,4,4,4,4,4,4,4,4,4,4,4,5,5,4,4,4,5,4,4,4,2,4,5,4,4,4,4,4,2,2,2,1,15,4,Intensive Care Unit,6c7df7136e7814f94a6bf7ccb65cbbc1,2024-09-04 02:02:34
5,2,3,4,4,4,4,4,4,4,3,4,4,4,4,4,4,4,5,5,4,,4,4,,,2,4,5,4,4,,4,4,2,2,2,1,8,4,Intensive Care Unit,f8871939160d06205c6244ebe0f0fff0,2024-09-04 02:25:11
5,3,4,4,3,4,4,5,2,4,3,3,3,3,3,4,3,5,4,5,4,4,3,4,3,4,4,3,3,3,1,3,4,5,3,3,2,1,9,4,Labor and Delivery 001,2089e5a711af565d3caa8ed59f3c3e71,2024-09-04 03:30:40
5,4,4,4,4,5,5,5,5,5,4,3,3,2,4,5,3,5,5,5,5,5,3,4,3,3,2,3,2,2,2,5,5,5,3,3,2,1,8,4,Intensive Care Unit,024ff920c81b66d6e1b5c4bc1d6be5b2,2024-09-04 05:10:48
5,2,2,4,1,3,3,5,4,4,3,4,3,4,4,4,5,5,5,5,5,5,5,4,5,5,1,4,4,3,3,4,4,4,2,2,2,1,21,14,Ultrasound,3772a54d231b6efa9b79decadaa2bf20,2024-09-04 05:21:26
5,5,4,5,4,4,4,5,4,4,4,4,4,4,4,4,4,4,4,3,4,4,4,4,3,5,1,5,4,4,4,,,4,4,4,3,1,1,10,Physical Therapy,32eeea5989d1d802d2c516e8fe84e330,2024-09-04 05:41:36
5,,,4,5,5,5,5,5,5,5,5,,5,5,5,5,5,5,5,5,5,5,5,5,5,1,5,5,5,,,,5,2,1,2,1,11,3,Neonatal ICU Unit 001,a8407e7fbb5d8005c49e1581ee02f29e,2024-09-04 06:35:12
5,4,4,4,4,4,4,5,4,4,4,4,4,4,5,4,4,5,5,5,5,5,5,4,5,5,1,4,4,4,4,4,4,4,4,4,2,1,1,12,Respiratory Care 001,017ce24994ef05619b982be72010bfec,2024-09-04 07:10:23
5,4,4,5,4,4,4,5,4,4,4,4,4,4,4,4,4,5,5,5,5,5,5,5,,,1,5,2,2,2,4,,,3,1,2,1,34,4,Cardiac Cath Lab,b45a0149a0d310ca252dc642d530487a,2024-09-04 07:50:16
5,4,3,4,4,4,4,5,4,4,4,4,4,4,4,4,4,4,5,4,4,4,5,4,5,5,3,4,4,4,3,4,4,4,2,2,2,1,11,4,Neonatal ICU Unit 001,048293d02afba6fbd4797003c19def6f,2024-09-04 07:56:53
4,4,5,4,2,5,5,5,5,5,5,,,,4,4,5,5,5,,5,,4,5,5,,1,5,4,,,4,4,5,1,1,1,1,11,4,Neonatal ICU Unit 001,c53b7b3f34fbc38bc54730dca551f204,2024-09-04 09:08:57
4,4,2,3,4,4,3,4,5,3,2,3,3,4,4,4,4,4,4,4,3,2,4,3,2,3,3,4,5,4,4,2,4,2,2,2,2,1,2,4,Med Surg Unit,58900b1f1c4ce5286257ee6d2afe43c6,2024-09-04 09:43:08
2,1,3,1,1,1,1,1,4,1,1,1,1,1,1,1,1,2,1,1,2,1,1,2,1,3,4,2,1,1,3,1,2,2,3,2,2,1,2,4,Float Staffing 001,a578465d1e96e4df76469d3f17662563,2024-09-04 10:25:44
5,4,4,4,4,4,4,5,5,4,3,4,4,4,5,5,5,5,4,4,4,4,4,,,5,1,4,2,2,2,4,,,2,2,1,1,18,4,Recovery Room,1effb680e741f44645c6a227fd2af941,2024-09-04 11:24:35
5,4,1,5,5,4,4,4,5,4,5,4,3,5,5,5,5,4,5,2,5,4,4,5,4,5,1,5,4,5,4,5,5,4,2,2,2,1,17,24,Surgery,189d8b83ca6210dffd98872b583e6882,2024-09-04 12:43:07
5,4,3,4,4,4,4,5,4,4,3,4,4,3,5,4,5,4,4,5,4,4,5,4,5,5,4,4,2,2,2,4,4,4,2,2,2,1,6,4,Emergency Department,add8440ae29a23cfb9ea51092c3cc465,2024-09-04 13:42:32
5,4,4,3,4,4,4,5,4,4,4,4,4,4,5,4,5,3,4,4,4,4,5,4,4,5,3,4,4,4,4,3,4,4,2,2,2,1,18,4,Surgery,dea3347de4bde46795aa04fcbcda679c,2024-09-04 13:54:03
4,2,4,4,2,4,4,4,3,4,4,4,4,4,5,4,4,3,3,,5,,,4,,,1,4,3,3,3,3,3,,4,4,2,1,9,14,Labor and Delivery 001,76d14429aeb0d469cff1b523afc4bd68,2024-09-04 18:44:09
5,2,3,4,3,3,3,4,4,4,3,4,4,4,4,3,4,5,5,5,5,5,5,5,5,5,1,5,5,5,4,4,4,5,2,2,2,1,8,12,Respiratory Care 001,5c2b0c03186ef6c13612505799b210b1,2024-09-04 19:01:51
5,2,4,4,3,4,4,5,5,5,3,4,5,3,5,5,5,5,5,4,5,5,3,4,4,5,1,4,4,4,3,3,4,4,4,4,2,1,8,4,Intensive Care Unit,465443b3922d01d6af55f018880bd401,2024-09-04 19:32:01
5,4,4,4,5,4,4,5,5,4,4,4,4,5,5,4,5,5,5,5,4,5,5,4,5,5,2,4,4,4,3,4,4,3,2,2,2,1,8,4,Intensive Care Unit,0624d35c71bb8cd87759623f1cfccdf2,2024-09-04 19:59:28
4,2,4,4,3,5,5,5,5,4,2,4,4,3,4,4,4,4,4,3,4,4,4,4,4,4,2,2,3,2,2,3,4,4,2,2,1,1,8,4,Intensive Care Unit,743010f9484bfc0152478f39546bf97c,2024-09-04 20:22:08
5,3,4,3,3,4,4,5,5,4,3,4,4,4,4,4,5,4,5,3,5,4,4,4,4,5,2,5,3,3,2,4,3,4,3,3,2,1,1,12,Respiratory Care 001,dfa6f2694f60babd01b26cfacd772732,2024-09-04 20:46:26
4,5,4,4,4,3,3,5,4,4,4,4,3,4,4,4,4,5,3,4,4,4,3,3,2,4,1,3,4,4,2,2,2,4,1,1,2,1,6,4,Emergency Department,d2d7a8d3f1924697c71a7ef27910bbbe,2024-09-04 21:20:56
5,5,5,3,5,5,4,5,2,4,4,2,4,1,2,4,2,5,5,,,,,4,,5,3,4,4,2,2,5,5,5,2,2,2,1,9,4,Mother Baby Unit 001,414e94052c0848b3b13862a696a62f98,2024-09-04 21:31:54
5,5,5,4,4,3,5,5,5,3,5,4,5,5,5,5,5,4,5,4,5,,,5,4,5,1,5,5,5,4,3,4,5,1,1,2,1,1,3,Float Staffing 001,d849bfb1d231dedf07e63892a8aba0be,2024-09-04 21:32:48
4,2,3,3,3,3,3,3,3,3,3,3,3,3,3,3,3,3,3,3,3,3,3,3,3,3,1,2,3,3,3,3,3,3,2,2,2,1,5,4,Intensive Care Unit,c4030b7ec6a16df0a7c3a064c8f29e3f,2024-09-05 02:25:18
5,4,3,4,4,4,4,4,3,4,3,3,4,4,4,4,4,3,3,3,4,4,4,3,4,4,2,4,5,4,4,4,3,3,2,2,1,1,18,4,Surgery,37ebef46229a93f979f1ef9d89bc0fc8,2024-09-05 04:22:59
5,4,3,5,4,4,4,5,4,5,4,5,4,4,5,4,5,5,5,5,5,5,4,4,3,4,1,4,5,5,4,4,4,4,2,3,2,1,1,4,Float Staffing 001,a13ded4e38de28d05084a8867b954a5e,2024-09-05 04:35:50
4,2,3,4,4,4,5,5,3,4,4,4,4,4,4,5,4,3,4,,4,,3,4,,,1,4,4,4,4,4,3,4,2,2,2,1,11,4,Neonatal ICU Unit 001,28ac1d70a13f59335426144e621ed5e0,2024-09-05 08:48:29
5,4,4,5,5,5,4,5,5,5,5,5,5,5,5,5,5,5,5,5,5,5,4,5,5,5,1,5,5,5,4,4,5,5,2,2,1,1,11,4,Neonatal ICU Unit 001,941f4174dcddcbd12cbefcae5c5c3a7f,2024-09-05 08:48:46
5,4,2,5,4,5,5,5,4,4,4,5,4,5,5,4,5,4,5,5,5,5,5,5,5,5,1,5,5,4,4,5,5,4,2,2,2,1,9,1,Labor and Delivery 001,86df1034c6c919904e01f2737193809c,2024-09-05 08:51:48
,2,5,4,4,3,4,5,2,4,2,3,3,2,4,4,3,,,,,,,,,,,,,,,,,,,,,,6,4,Emergency Department,79d31bb5145ebd7e5994cf221e363ac7,2024-09-05 08:56:23
5,4,3,4,4,4,4,5,4,4,3,4,4,4,4,4,4,4,4,4,4,4,4,4,,,1,4,5,5,4,4,4,5,1,1,2,1,18,4,Surgery,6c89452742d475bf9246076a2ed44be2,2024-09-05 11:06:48
5,3,4,5,4,,3,5,4,4,3,5,4,4,5,4,5,4,5,5,5,5,5,5,5,5,2,5,5,5,1,4,5,5,2,1,1,1,8,4,Intensive Care Unit,a1a33de965f5cf5b9e832300932ad844,2024-09-05 11:11:44
5,2,4,5,1,5,5,5,5,5,5,5,5,5,5,5,5,3,4,4,4,3,5,4,4,4,2,5,2,2,1,2,4,5,2,2,1,1,11,4,Neonatal ICU Unit 001,54e15e5feddad3c66a39786d1ad3cdce,2024-09-05 12:05:24
3,5,4,4,5,1,2,3,5,4,3,4,3,5,5,5,5,4,4,3,5,,,3,5,,2,5,5,3,1,4,,,2,2,2,1,18,4,Pre Surgery,e510ba9092341bc079b4f1333c1d11a3,2024-09-05 12:19:44
5,2,3,2,4,3,2,5,4,2,2,2,2,3,2,3,4,4,5,3,5,5,4,3,4,4,4,3,3,3,2,2,4,3,3,2,2,1,8,4,Intensive Care Unit,cf28d4b502730a586a55c7c5a85a50bc,2024-09-05 12:37:42
5,4,4,4,3,5,5,5,4,5,3,4,4,2,4,4,4,3,3,2,4,3,4,3,3,4,4,3,4,4,2,4,4,3,3,3,3,1,2,4,Med Surg Unit,30d18e53d3e9eb875f406770b1bbb467,2024-09-05 13:35:56
5,5,1,5,4,3,3,5,3,3,4,3,4,4,4,4,4,4,4,4,4,5,5,4,4,4,1,4,5,4,4,4,,,4,3,3,1,5,4,Cardiac Holding Recovery 001,e9b8c74f62b7f6357431e603897e7f68,2024-09-05 13:54:16
1,1,4,1,5,1,1,4,2,1,1,1,1,1,1,1,1,2,2,2,3,3,2,2,3,3,4,1,1,1,1,1,1,1,2,2,2,1,2,4,Med Surg Unit,de059855df879d0c320be55517a9dd1c,2024-09-05 20:06:36
4,2,3,3,4,2,1,4,3,2,2,3,2,2,2,4,3,3,3,4,3,4,3,3,4,4,2,3,3,3,3,4,4,3,2,2,2,1,8,4,Intensive Care Unit,0de99a2fbdf2dcbdc05240490234125e,2024-09-05 21:46:43
5,2,4,3,2,4,4,5,4,3,4,3,3,3,3,3,3,3,2,2,4,,3,,,3,3,3,3,2,2,4,4,4,2,2,2,1,9,4,Mother Baby Unit 001,c28a592900e27bf0bd52122c1dd66b38,2024-09-05 23:12:21
5,3,4,3,4,3,4,5,4,4,3,4,4,4,3,3,4,4,3,4,4,,4,4,,,2,3,3,3,3,3,3,4,1,1,2,1,9,4,Labor and Delivery 001,f982e7139afc38ddcd225310f9dcaf34,2024-09-06 00:58:59
5,5,5,5,5,5,5,5,5,5,5,5,5,5,5,5,5,4,5,4,5,5,5,5,5,5,3,5,1,1,1,3,4,5,4,4,2,1,21,14,Diagnostic Radiology,cab7cd7121f0b788f414f0c1475a611e,2024-09-06 03:44:45
5,2,2,5,4,4,4,5,2,4,4,4,4,4,5,5,5,4,5,2,5,5,4,4,5,5,2,5,4,4,4,,,,3,3,3,1,34,15,Other Pat Services Anc 001,82205a2d033ddd18331c591ee76edd1a,2024-09-06 04:03:16
5,4,5,2,4,4,5,5,5,4,4,4,4,3,5,4,5,5,5,4,4,4,5,5,3,4,2,4,5,4,4,4,4,5,2,2,2,1,8,4,Intensive Care Unit,c543fc23ed9e582fd3f49a0b3a268b02,2024-09-06 05:50:42
5,4,2,4,2,4,4,4,4,4,2,4,4,4,4,4,4,3,3,3,4,2,2,3,3,4,2,4,2,3,2,2,4,4,4,4,1,1,4,4,Med Surg Unit,9140491e47e47f54875c8aaeaf1e2f9c,2024-09-06 06:12:14
5,2,1,5,2,3,4,4,5,5,4,4,4,5,4,4,5,5,5,3,5,5,5,5,5,5,1,5,3,3,3,3,4,4,4,4,2,1,22,12,Respiratory Care 001,f25f86cb82f8813587d418870b7a8ece,2024-09-06 06:21:59
5,4,3,3,3,3,3,4,3,4,4,3,3,3,4,4,4,5,5,5,5,4,5,3,,,1,4,4,3,3,3,3,3,2,2,2,1,21,14,Diagnostic Radiology,8351c2ecf60fee041cf2fe9fcfd01f3a,2024-09-06 06:26:43
5,4,5,5,4,3,2,5,4,4,4,3,3,3,4,4,4,5,4,5,5,4,5,4,4,3,1,4,3,4,4,,,4,2,2,2,1,8,3,Intensive Care Unit,5255f3b5d1eba919acabbae012217fcf,2024-09-06 06:52:47
5,5,5,5,5,1,5,5,4,5,5,5,5,5,5,5,5,5,5,5,5,5,5,5,5,5,1,5,5,5,5,5,5,5,4,4,2,1,9,4,Labor and Delivery 001,9026e892d447e0f535a0c070069c8dc4,2024-09-06 06:57:47
5,3,3,2,3,3,3,5,4,4,4,3,4,4,3,3,3,4,5,4,5,5,5,5,4,4,1,4,3,3,3,3,3,3,2,2,1,1,22,12,Respiratory Care 001,f0c3e1451fbd6edd27dbce8d718351ee,2024-09-06 06:58:24
5,3,5,5,5,5,5,5,5,5,5,5,5,5,5,5,5,5,5,5,5,,5,5,5,5,2,5,3,5,3,,5,5,2,2,1,1,1,14,Ultrasound,7b7064c6d4245094091a3adecbb92761,2024-09-06 07:08:17
4,2,4,2,5,1,1,4,2,2,1,2,1,1,1,1,2,2,2,2,4,4,2,3,3,3,5,2,4,2,1,4,5,5,3,3,1,1,18,4,Recovery Room,4ecddffb41bab368675046c9d100576a,2024-09-06 07:20:25
4,4,4,4,4,3,4,4,3,3,4,4,4,4,4,4,4,5,5,5,5,3,3,3,3,3,5,3,4,4,3,1,1,5,2,2,3,1,24,16,Total Quality Management,be2007cd048dab5be08d23f735d34873,2024-09-06 07:28:48
5,4,4,4,4,5,4,5,4,4,4,4,4,4,5,4,5,4,4,5,5,4,4,1,3,5,2,5,2,2,2,4,4,4,4,4,2,1,21,14,Ultrasound,7614f10a3d42d479fd61e3c8fc7281b0,2024-09-06 07:58:15
5,5,5,5,5,5,5,5,4,5,5,5,5,5,5,5,5,5,5,5,4,5,5,4,4,4,3,5,5,5,4,4,3,5,2,2,3,1,9,16,Labor and Delivery 001,d8ab05c393c3a277bce829299a934124,2024-09-06 08:10:50
5,4,4,3,4,4,4,5,4,4,3,2,4,4,3,4,3,5,5,5,5,4,4,4,5,5,1,3,3,3,4,4,4,4,3,3,2,1,8,4,Intensive Care Unit,45221937026ab82b53bf81103d212c4f,2024-09-06 08:39:40
,,,,,,,,,,,,,,,,,,,,,,,,,,,,,,,,,,,,,,9,4,Patient Education 002,149d6fc4b4b2c1e800ab671baa4cb591,2024-09-06 08:40:33
5,5,5,5,5,4,5,5,3,4,5,4,5,5,5,5,5,5,5,5,5,5,5,1,5,5,1,4,4,4,3,4,4,4,3,3,2,1,5,14,Cardiac Cath Lab,4d8984b5a0fdcd8648c44372d831330c,2024-09-06 08:53:22
5,4,2,5,5,5,,5,5,5,5,5,,,5,,5,,,,,,,,,,1,4,4,4,4,,,,3,2,2,2,28,24,Total Quality Management,12ebc9342331225e46d41c547045bc17,2024-09-06 09:18:36
5,2,4,4,4,4,4,5,4,4,4,4,2,4,4,4,2,2,3,2,3,3,3,4,4,4,3,3,2,2,2,2,4,4,2,2,2,1,8,4,Intensive Care Unit,6736c03c9b33cbb866a1ca1a14f4d77c,2024-09-06 10:14:13
3,3,,3,3,,3,4,,3,4,,,,3,4,4,3,4,,,3,3,,,,1,4,4,3,4,,,,2,2,1,2,6,4,Float Staffing 001,139cefd8f0bf156ed0457a219560d972,2024-09-06 10:47:58
5,3,5,4,4,5,4,5,5,4,4,5,4,3,5,5,5,4,4,4,5,4,4,4,4,4,3,3,4,4,4,1,1,2,4,4,3,1,8,16,Intensive Care Unit,c33fecdc040bbc71ad295c409a1acf79,2024-09-06 11:00:24
5,4,4,4,2,4,4,4,4,4,5,4,4,5,3,5,4,4,5,4,3,4,3,3,5,5,2,3,4,4,2,4,4,4,4,2,2,1,9,4,Labor and Delivery 001,a9bd24be01c2080c82f28191d4ec708f,2024-09-06 11:37:12
,,,,,,,,,,,,,,,,,,,,,,,,,,,,,,,,,,,,,,9,4,Mother Baby Unit 001,04ad15c621a2566cdee6b27516b9e627,2024-09-06 11:38:36
5,2,4,5,4,4,4,5,4,4,4,4,4,4,4,4,4,3,4,4,4,3,4,4,,5,1,4,4,4,2,2,,,4,3,1,2,18,15,Pre Surgery,b7075e481d989e52f3d9ed047c63cf6b,2024-09-06 11:41:22
4,4,2,4,5,4,3,4,5,3,4,3,3,4,3,4,4,2,2,2,4,,4,4,,,2,3,3,3,3,4,4,4,4,2,1,1,18,4,Recovery Room,8e3930dc7201dd6898c87a38e06bad65,2024-09-06 12:34:43
5,4,4,4,4,4,4,4,4,4,4,4,4,5,5,5,5,4,5,4,5,4,5,4,5,5,1,5,4,4,3,4,4,4,3,3,1,1,9,4,Labor and Delivery 001,cf0e216a5e2b2a6562b0fa2239073f84,2024-09-06 13:06:16
5,2,3,4,2,4,4,4,4,4,3,4,,3,4,4,4,3,,4,4,,4,4,3,4,1,3,4,4,4,3,4,4,1,1,2,1,6,4,Observation Unit 001,ee0cd5b7edabdb147302ca73486a47f5,2024-09-06 14:01:20
5,2,3,5,4,3,3,5,5,4,3,3,2,3,4,2,3,4,4,4,5,4,2,3,3,4,1,4,3,2,2,2,3,2,2,2,2,1,8,3,Intensive Care Unit,4560eebf82872055d33a2ec306b8ad28,2024-09-06 18:05:51
4,1,3,2,4,3,3,5,2,2,4,3,3,3,2,3,4,4,3,4,4,3,2,2,3,3,2,3,3,3,2,2,4,4,2,2,2,1,8,4,Intensive Care Unit,659bd2e139d72da44efcaf89f5e6b3e7,2024-09-06 20:39:51
5,2,3,3,4,4,4,5,2,4,1,2,4,3,4,2,4,5,5,5,5,5,5,3,3,3,4,2,2,2,2,2,3,4,2,2,2,1,8,4,Intensive Care Unit,448e906236a1db481b803c9ff85e3d0e,2024-09-06 20:44:26
5,5,2,2,5,1,1,5,5,4,5,1,,3,5,5,5,2,4,2,5,5,3,5,4,5,2,2,1,1,1,1,5,5,2,2,2,1,8,4,Intensive Care Unit,294a5924bdc2abb62bb862755f296f39,2024-09-06 22:28:21
4,4,3,3,4,2,3,4,4,2,2,1,2,,4,4,3,2,1,3,3,4,4,3,3,4,2,3,4,2,1,3,4,5,2,2,2,1,6,1,Emergency Department,9bc0c9e2016eaa704bcf54f4678ecd8d,2024-09-07 00:32:02
4,2,2,2,2,3,2,4,3,3,1,2,2,1,3,3,3,3,3,3,4,3,3,3,4,4,2,1,2,2,2,1,1,1,3,3,1,1,2,4,Med Surg Unit,168245117d6a28d89ea8fb1009a77ed9,2024-09-07 01:15:27
5,2,4,3,2,2,2,5,5,2,2,4,3,3,5,4,5,3,4,3,3,2,3,3,3,5,2,4,1,1,1,1,2,2,2,2,2,1,4,4,Med Surg Unit,27438296f653c0f757866015a4543ce3,2024-09-07 03:42:38
4,2,3,3,2,2,3,4,3,3,2,3,3,3,3,3,3,4,4,3,4,4,4,2,4,5,3,3,3,2,3,3,3,4,3,3,1,1,6,4,Emergency Department,3bcb3aa7d8fdd1e32e320858c7a0879c,2024-09-07 04:59:39
5,4,4,4,3,4,4,5,4,4,3,4,4,4,4,4,4,4,4,5,4,,5,4,4,4,2,4,5,5,4,3,3,4,2,2,1,1,9,4,Labor and Delivery 001,d6277fd0cb036cddb596e80d39927ab8,2024-09-07 05:33:06
5,4,4,5,4,4,4,5,4,5,4,5,4,4,5,5,5,5,4,5,5,5,4,4,4,5,3,4,5,4,4,5,,,3,3,1,1,18,4,Surgery,e1d04828006af7739dae15239e66c42b,2024-09-07 06:55:03
3,4,4,,4,,4,4,4,4,,,4,,4,,4,3,,,,,,3,,,2,4,3,3,,,,4,4,4,1,1,9,4,Labor and Delivery 001,9bc631773abcf760c2a7b564aa9c894e,2024-09-07 12:42:54
5,4,1,4,4,4,3,3,4,4,3,4,4,4,5,5,4,5,5,4,4,5,5,4,3,5,2,4,5,5,4,,5,4,4,4,3,1,21,14,Computerized Tomography CT,bde2cc2e71803c550b4c04fb8a4f58e2,2024-09-07 13:38:45
5,4,4,3,4,3,3,5,4,3,4,4,3,4,4,4,4,4,4,4,4,4,4,3,5,5,4,4,4,4,4,4,4,4,3,3,2,1,8,4,Intensive Care Unit,0278ffda146e1664361341166593ccfc,2024-09-07 19:47:02
3,3,3,2,3,4,4,3,3,3,3,3,3,3,3,3,3,3,3,,,,,,,,1,2,,,,,,4,2,2,2,1,9,24,Labor and Delivery 001,4676a5dd2363a456a0fff47ba276c8d2,2024-09-08 11:10:33
4,1,4,1,4,1,1,4,2,1,1,1,1,1,1,2,3,2,2,3,4,5,3,3,2,3,3,1,2,2,3,2,4,4,4,3,2,1,1,4,Float Staffing 001,a5f4068a5aa656c6d6156cadda7eeaa6,2024-09-08 11:23:38
5,4,4,4,4,4,4,5,4,5,4,5,4,5,4,4,4,5,5,5,5,4,4,4,5,5,2,4,4,4,4,3,4,4,4,3,2,1,8,4,Intensive Care Unit,9c3b564f1081963afa42a850c849f6fd,2024-09-08 17:43:21
5,3,4,3,3,2,3,5,4,3,2,3,3,2,4,2,4,4,3,3,4,,4,3,4,4,4,4,2,2,2,3,3,3,4,4,2,1,8,15,Intensive Care Unit,fa8f02a28ea575e99acaff41e46f2113,2024-09-08 20:40:34
5,4,3,5,5,3,2,5,5,2,5,4,5,4,5,5,5,5,5,5,5,5,5,5,5,5,2,5,5,5,1,4,5,5,2,2,2,1,11,4,Neonatal ICU Unit 001,27519666360c0accc291a97330bd7e8e,2024-09-08 20:41:22
5,4,4,5,5,5,5,4,5,5,5,4,5,5,5,5,5,4,5,4,4,4,4,4,,,1,5,5,4,4,,,,4,4,1,1,18,4,Pre Surgery,85d456a30c0977d248fb0e99cc64493d,2024-09-09 05:29:13
5,2,3,4,4,4,4,4,4,4,4,4,4,3,4,4,4,5,5,3,4,3,3,4,4,4,2,3,3,2,2,4,4,4,2,2,2,1,8,4,Intensive Care Unit,351f3716de6da0da1e6c8d87a63c1251,2024-09-09 06:44:38
5,4,3,5,4,4,5,5,5,5,5,4,5,5,5,5,5,5,5,4,5,5,5,4,5,5,3,4,5,5,5,4,4,5,4,4,3,1,18,4,Recovery Room,b5246cf450610aaba1670a1ed5120b5b,2024-09-09 07:11:59
5,3,1,4,3,3,4,5,4,4,2,3,3,5,3,4,4,5,5,5,4,5,5,1,5,5,5,5,3,4,3,2,4,4,2,2,2,1,8,4,Intensive Care Unit,ab8742b04a57e6a35fd9fc52e2849df0,2024-09-09 09:07:57
4,2,3,2,4,3,2,4,3,2,1,3,3,2,4,3,3,3,3,4,4,3,3,4,,,1,3,3,4,2,4,4,4,2,2,2,1,21,14,Computerized Tomography CT,fad1dd5afe6bf920a2c5a33326098e3a,2024-09-09 09:13:15
5,5,4,5,,5,5,5,5,5,4,5,5,5,5,5,5,5,5,5,5,5,5,5,5,5,1,5,5,4,5,5,4,3,1,1,2,1,34,4,Float Staffing 001,229bf60efe02f670ff3f4df8e1f0e28e,2024-09-09 10:45:59
5,4,4,5,5,4,3,5,5,5,4,5,4,5,5,4,4,5,5,3,5,5,4,5,4,5,1,4,2,3,3,,,,4,4,2,1,34,4,Other Pat Services Anc 001 (SHH Emerald Coast),0847535b00f5300acf89e67a10e12495,2024-09-09 11:33:31
5,5,4,4,3,4,4,4,4,5,4,,4,4,5,4,5,,5,,5,4,5,4,4,5,2,5,4,4,4,4,4,5,4,3,1,1,18,4,Pre Surgery,35afc5057caf1135426a3011717244a7,2024-09-09 12:20:32
5,2,1,4,1,5,4,2,4,1,2,2,2,1,4,4,4,2,2,5,2,2,2,3,3,3,4,1,2,2,2,4,2,4,2,2,2,1,2,4,Med Surg Unit,32c877604a809ef8955ee73834bd4a44,2024-09-09 12:37:45
5,4,4,4,4,4,4,5,4,4,4,4,4,4,5,1,5,4,4,5,4,4,5,1,4,5,3,5,5,5,1,4,4,4,2,2,2,1,9,4,Mother Baby Unit 001,b3a5f9868c3ffbfdcef5af2a998e60d9,2024-09-09 12:42:11
5,5,,5,,5,,5,5,5,,5,,5,5,5,5,5,5,4,5,5,5,5,,,4,5,5,5,4,,,,4,3,2,2,28,4,Total Quality Management,6a8e07e4fbe193da97562b635e3300fd,2024-09-09 13:01:50
4,1,3,2,1,1,1,4,4,3,1,2,1,3,2,2,3,4,3,4,5,5,4,3,,,5,3,2,2,2,2,4,4,2,2,2,1,6,4,Emergency Department,a6ec6c84a647f3d376bac978f90b9758,2024-09-09 20:37:16
5,2,4,5,4,3,3,5,4,4,3,4,5,5,5,5,5,4,5,4,3,4,4,3,3,4,1,4,5,5,1,4,4,4,1,2,2,1,6,4,Emergency Department,558a79464a16380b281440f93bcbfee5,2024-09-10 03:56:50
4,3,,,,,,,,,,,,,,,5,,,,,,,,,,1,4,5,5,5,,,,4,4,2,2,24,23,Administration,d819d05f5d7c367c83864ad13a23afae,2024-09-10 05:22:03
4,5,3,4,5,,,4,5,4,4,4,,4,5,3,4,3,3,3,4,,,4,,3,3,4,4,4,3,4,4,4,2,2,2,1,18,4,Recovery Room,7786d07c8878257c2b7b1470bbb6b784,2024-09-10 06:18:59
4,2,4,4,4,4,2,4,3,3,4,4,4,4,4,4,4,4,4,4,5,5,5,4,5,5,2,4,4,4,4,4,4,3,2,2,3,1,18,14,Surgery,d35fcae79a895fd042f1f77b29c14eb4,2024-09-10 06:24:22
5,2,4,2,3,1,1,5,2,2,2,1,2,2,1,5,2,3,2,1,5,5,3,2,5,5,5,2,1,1,1,3,5,5,2,2,2,1,8,15,Intensive Care Unit,055a5ec571fdc54a479652cce5e40c1c,2024-09-10 06:26:39
4,2,2,3,3,4,4,5,4,4,3,3,3,4,4,3,4,3,3,5,5,4,4,4,3,5,5,3,3,4,2,4,4,3,3,3,2,1,6,4,Emergency Department,b328f94db74b5d98feee4245631480e8,2024-09-10 06:55:44
4,2,2,4,2,2,3,3,3,3,2,4,3,4,4,3,4,2,3,2,3,3,4,3,4,3,2,2,3,3,4,4,4,4,3,3,1,1,6,4,Emergency Department,148a766bbf1e67336ca01c43ab289c2a,2024-09-10 07:22:32
5,4,4,3,4,2,2,5,3,3,3,3,2,2,4,4,4,4,4,4,4,4,3,4,4,5,5,3,4,4,3,3,4,4,4,4,2,1,8,4,Intensive Care Unit,58a690eaf75cb0f80cdc60e8620023f1,2024-09-10 08:09:17
5,5,4,4,5,5,5,5,4,4,4,5,4,,5,4,5,4,4,4,4,4,4,4,4,4,2,4,4,4,1,4,4,4,4,4,1,1,18,4,Surgery,6a7ab05b7d2e0d7b04d55954b840048b,2024-09-10 08:14:14
5,2,4,4,5,4,4,5,4,4,3,4,4,2,4,4,4,4,4,3,5,5,3,4,5,5,2,3,2,2,2,4,4,4,2,2,2,1,8,4,Intensive Care Unit,d1c4ca4308bd2625c109abae236f9f58,2024-09-10 08:29:08
5,5,,,,4,4,5,5,5,,,,,5,5,5,5,5,5,5,5,5,5,,,1,4,5,5,5,5,5,5,4,3,3,2,25,23,Surgical Services Admin 001,570d7dfbbb8c661d53f2bc8c01aa6301,2024-09-10 08:30:29
5,2,2,4,4,4,4,5,4,4,1,2,3,1,2,2,3,4,3,3,3,2,3,,,,3,2,2,2,1,1,3,5,3,3,2,1,8,4,Intensive Care Unit,ed8192488d615241fe11730861417fba,2024-09-10 08:41:56
5,4,4,5,4,4,4,5,3,5,4,2,4,2,4,4,4,2,2,2,4,4,3,4,4,4,2,3,2,3,4,2,4,5,2,2,3,1,18,4,Surgery,79951359d2763cf1c58eab0d0bfdc5d3,2024-09-10 08:45:41
5,4,3,5,3,4,3,5,4,4,3,5,3,4,5,5,5,5,5,5,5,4,5,4,3,4,1,4,3,3,2,2,2,3,1,1,1,1,21,14,Ultrasound,1e8627509f304cea9d2d6cc1255bad34,2024-09-10 08:57:17
3,1,3,1,1,1,1,3,1,2,1,1,,1,1,3,3,,,1,4,,,,,,2,2,3,3,3,4,2,1,1,1,2,1,6,4,Emergency Department,f3d0016a5bbd7661c957ae79c5769612,2024-09-10 09:40:33
5,4,1,5,1,3,3,3,2,2,4,4,4,4,4,4,5,4,4,4,4,4,4,4,4,4,1,4,5,5,1,2,2,3,2,2,3,2,16,14,Anesthesiology,d571cc17f512eb3124f068f6fadfeaa4,2024-09-10 09:42:27
4,4,3,4,4,4,4,4,4,4,4,4,4,4,4,4,4,5,4,4,5,5,4,4,4,4,2,4,4,4,2,,,,2,2,2,1,18,4,Surgery,a1f3362c8646f6230e0873d3495d0a30,2024-09-10 10:51:00
5,2,4,3,2,5,5,5,4,5,3,4,4,3,4,2,5,2,2,3,5,5,4,5,3,5,2,5,4,4,5,4,4,5,2,2,2,1,18,4,Surgery,d6939f5f55d69037e6ad2516e3ae8033,2024-09-10 10:55:05
5,5,5,5,5,5,5,5,5,5,4,5,5,5,5,5,5,5,5,5,5,5,4,4,5,5,2,5,5,5,5,5,5,5,2,2,1,1,18,4,Recovery Room,46e4de428fcbf1798acd83c3f84571ac,2024-09-10 11:26:06
4,2,3,,3,4,,4,4,4,4,4,4,4,4,4,4,,5,,5,5,5,4,,,1,4,,,4,,4,4,2,2,1,1,21,14,Diagnostic Radiology,02fb89bb75e7613fc7d13d5409d0fb12,2024-09-10 13:04:56
,,,,,,,,,,,,,,5,5,5,,,,,,,,2,3,3,4,4,4,2,,,,3,2,3,1,34,15,Surgical Services Admin 001,0d8aa1a354e3bd7afbd89b8aee50e80a,2024-09-10 13:43:36
5,4,4,5,4,4,4,5,5,4,3,4,3,4,5,5,5,5,5,5,5,5,5,5,,,1,5,1,1,1,,,,2,2,2,1,21,14,Ultrasound,e2fff1b3b36c173019eb95c596a5e58a,2024-09-10 14:08:12
5,5,4,4,4,5,4,5,3,5,2,2,3,2,5,5,5,5,5,4,5,2,2,5,4,5,2,3,2,2,2,,4,5,3,3,2,1,1,12,Respiratory Care 001,6d503f808174e6f7c6206e60da788d9d,2024-09-10 17:13:36
3,5,4,3,2,4,4,4,4,3,5,3,3,4,3,4,3,3,3,2,3,3,3,3,3,4,2,4,4,4,4,,,,2,2,2,1,6,14,Diagnostic Radiology,dac9b145e715434a421dd83354b1cb73,2024-09-10 17:23:37
5,3,5,4,3,3,,5,3,4,4,4,3,3,5,3,4,4,4,5,5,5,4,4,,5,1,5,4,4,2,3,3,4,2,1,2,1,1,3,Float Staffing 001,9b05eaff241b5970395ec1cdffab6807,2024-09-10 17:47:33
5,5,2,3,3,3,4,4,5,4,4,4,5,5,5,4,5,5,5,5,5,5,5,4,,,1,5,4,5,2,4,5,5,4,4,2,1,21,14,Ultrasound,8543544ce4d172fb1e6011a4a60a5c36,2024-09-10 18:15:41
2,2,2,3,3,4,4,4,4,4,2,3,3,3,4,4,4,4,4,4,4,,4,3,,,2,2,3,2,3,4,4,3,2,2,2,1,4,4,Med Surg Unit,b97d8a9245456da95a516ae8398e9717,2024-09-10 20:24:32
5,3,,5,,4,,5,5,4,4,4,,5,4,4,4,,5,5,5,,,5,,,1,4,5,4,4,4,4,4,2,2,2,1,8,3,Intensive Care Unit,386a18b7a80cb6894069998f03807cb0,2024-09-10 21:16:31
4,4,3,4,3,3,4,,,,,,,,,,,,,,,,,,,,,,,,,,,,,,,,21,14,Nuclear Medicine 001,fb8321c99ce9e10b40f72ab99a4a92f1,2024-09-11 07:35:15
4,5,4,3,2,4,4,5,3,4,4,,3,4,4,4,4,2,3,1,5,4,5,3,4,,1,3,3,,2,2,4,4,4,4,1,2,18,4,Surgery,54d90da30c69ca1dcda8f4282e8253ec,2024-09-11 12:28:41
5,5,4,5,4,2,2,5,5,4,4,4,4,4,5,4,4,4,5,5,5,5,5,5,4,4,2,4,4,4,4,4,,,2,2,2,1,18,4,Recovery Room,3d3da16c43ecf31fafc6da4d3c490936,2024-09-11 13:06:07
3,3,4,1,4,4,4,2,1,4,1,2,,,,2,,3,,1,3,2,,3,2,2,1,2,2,2,2,1,1,1,4,1,2,1,2,14,Surgery,2648a406a8d37e7ecb5c0cb6ff853a7e,2024-09-11 14:19:48
4,4,3,4,4,4,4,4,4,4,2,4,4,3,4,4,4,3,3,4,3,3,4,4,2,3,5,3,4,4,3,2,2,4,2,2,2,1,2,4,Med Surg Unit,53e8163b3bb83224d01c6a1853de1f72,2024-09-11 16:16:14
4,2,4,2,2,3,3,5,2,3,4,4,3,4,2,4,3,4,3,3,4,5,3,3,,,1,3,3,3,2,,4,4,3,3,1,1,2,14,Mother Baby Unit 001,a338ce21e8c6a0bd2ba0276c291f13e1,2024-09-11 23:05:22
1,2,2,3,2,5,3,2,1,1,3,4,2,3,4,4,4,3,2,3,5,5,4,3,2,2,1,5,4,4,3,3,4,3,1,1,2,1,9,14,Mother Baby Unit 001,13802f79e2135f72c4aeb4efabad14a4,2024-09-11 23:15:05
4,3,2,4,1,4,3,3,4,3,2,3,2,1,4,4,4,4,3,3,4,2,2,4,2,4,4,2,4,3,2,2,2,3,2,2,2,1,4,4,Med Surg Unit,ca3461bc6b697113836108393115e411,2024-09-11 23:20:42
5,4,5,5,5,5,5,5,5,5,5,5,5,5,5,5,5,5,5,5,5,5,5,5,5,5,4,5,5,5,5,5,5,5,4,4,3,2,21,15,Imaging Admin 001,4c626f567243364edc8893943640c644,2024-09-12 06:38:08
5,3,4,2,4,4,2,5,4,2,2,3,3,1,4,4,2,4,3,2,4,3,3,4,3,3,5,3,2,2,2,2,2,2,3,3,2,1,2,4,Med Surg Unit,5795780107dd4d8247ba542241d11177,2024-09-12 07:22:25
5,4,4,5,5,5,5,5,5,5,5,5,5,5,5,5,5,4,4,4,5,5,5,5,4,5,3,5,5,4,5,4,3,3,3,1,2,1,28,4,Total Quality Management,9c980065c8537fa3526cccb1cd5ddc54,2024-09-12 07:31:29
5,4,4,5,5,5,5,5,4,5,5,3,5,5,5,5,5,,,,5,4,5,5,,5,1,5,5,5,4,,4,4,4,4,1,1,9,14,Labor and Delivery 001,8a843e4b1d41ebc1fa079d46f31ccc49,2024-09-12 07:47:25
5,5,5,4,5,5,5,4,5,4,5,4,5,4,5,5,5,4,4,,5,5,5,5,5,5,4,5,5,5,1,5,5,5,3,3,2,2,24,16,Nursing Administration,033f24ddb0e0620c6ee7ed0e9093b16d,2024-09-12 09:15:09
4,4,3,4,4,3,3,4,4,3,4,4,2,3,3,3,4,3,3,3,4,4,4,4,4,5,1,4,5,5,3,3,3,3,4,3,2,1,5,4,Cardiac Holding Recovery 001,870246a2aa55ac059a0ba4698baaedb8,2024-09-12 11:35:24
4,4,3,4,4,4,3,5,4,5,3,4,4,4,4,3,5,3,4,3,4,3,4,4,4,4,2,4,5,5,4,4,,,4,4,2,1,5,4,Cardiac Holding Recovery 001,162b9adea81e7b6734dad58170690f14,2024-09-12 11:40:24
4,4,3,4,5,3,3,4,4,3,3,4,4,4,4,2,4,5,5,5,4,5,4,3,3,4,2,4,4,3,4,4,,,3,2,2,1,5,4,Cardiac Holding Recovery 001,66b3a77bfd65babe00997c3b304f952a,2024-09-12 12:38:19
5,5,5,4,5,5,4,5,5,5,5,5,5,5,5,5,5,4,4,1,4,4,4,5,2,5,2,4,4,4,2,4,,,2,2,2,1,18,4,Cardiac Holding Recovery 001,f2a250a69ee830d24888a7d78d08367c,2024-09-12 12:39:15
5,4,3,4,1,3,3,5,5,4,3,3,3,3,4,3,4,4,3,5,5,5,3,3,5,5,2,3,4,3,2,3,4,5,1,1,2,1,18,14,Surgery,897b1a906f4b8c8ecb1e530ca4314951,2024-09-12 13:31:10
3,3,4,2,4,2,2,2,3,2,3,2,3,2,3,4,3,3,2,2,3,2,3,3,3,3,1,3,3,3,2,3,4,4,2,2,2,1,8,4,Intensive Care Unit,abac63c54d87befa75ad32dc2af84f82,2024-09-12 13:42:32
5,1,2,2,2,5,5,5,4,4,1,2,3,,4,5,5,3,3,3,5,2,2,,4,4,2,4,1,1,3,4,4,2,3,3,1,1,4,4,Med Surg Unit,6811b78e9625e92a4b36c09f45cbfc81,2024-09-12 14:16:24
4,3,4,2,2,4,4,4,3,4,3,3,4,2,3,3,4,2,3,4,4,4,4,4,2,5,2,3,3,4,3,4,2,4,1,1,2,1,6,4,Emergency Department,4f065b6e05115b8beea64017577ecc05,2024-09-12 23:27:21
5,3,3,5,3,4,4,5,4,4,3,4,4,5,5,4,5,5,5,5,4,4,5,4,4,4,1,4,5,5,3,4,4,4,3,3,2,1,1,3,Float Staffing 001,3c5250d5d26e28fd683d5a52e191ead8,2024-09-12 23:31:42
5,3,4,5,4,5,5,5,5,5,5,5,5,4,5,5,5,4,5,4,5,5,5,4,4,5,5,4,4,4,2,4,4,4,3,3,2,1,24,4,Nursing Administration,5a90b82546ab67cbb0ba4781d4e60298,2024-09-13 00:34:33
5,2,4,4,2,4,4,4,4,4,3,4,4,4,4,4,4,4,4,4,4,2,3,3,3,3,5,3,2,3,2,4,4,4,3,3,2,1,6,4,Emergency Department,3a1925f9ad75010d19fbab4b99bd114b,2024-09-13 01:10:56
4,4,3,4,4,,,4,3,,3,4,3,,,4,,,,4,4,4,4,4,,5,1,3,4,4,,4,4,4,1,1,2,1,18,24,Surgery,dca57223c0a46f4a1c382da592ee754b,2024-09-13 04:46:23
4,2,1,5,1,5,,,,,,4,,,5,5,5,5,5,2,5,5,5,5,5,5,5,4,5,4,5,,,,3,3,3,1,1,24,Wound Care 001,4a608db2defd2edfe5b00e01a11e9d7d,2024-09-13 04:57:29
5,4,4,4,4,5,4,4,4,4,4,4,4,5,4,5,4,5,5,4,5,,5,5,5,5,1,4,5,5,3,5,5,5,4,4,1,1,9,4,Labor and Delivery 001,0c07049c522f96a0e2329616c4370ed1,2024-09-13 06:17:31
5,4,4,3,3,4,3,5,4,4,4,3,4,5,5,4,4,4,4,3,4,4,4,4,3,,1,4,4,3,3,4,4,4,2,2,1,1,9,4,Labor and Delivery 001,808b133dcda9b0d23319069e9c64c651,2024-09-13 06:21:38
5,5,4,5,4,4,3,5,5,5,4,5,5,5,5,4,5,5,5,5,5,4,5,5,5,5,2,4,5,5,3,4,4,5,2,2,2,1,18,4,Recovery Room,54c43c1abe4c6ee6a0e7407b9f6fab36,2024-09-13 06:37:56
5,3,4,4,4,5,5,5,5,4,3,4,4,4,5,4,5,3,5,5,5,4,5,5,5,5,2,4,4,4,3,4,4,4,3,3,2,1,23,13,Case Mgmt,d66d9df618b7eda77bdc4e382ed5b55d,2024-09-13 06:38:27
5,5,4,5,4,5,5,5,4,5,5,5,5,5,5,5,5,5,5,5,5,5,5,5,5,5,1,5,5,5,5,5,5,5,4,4,3,2,4,23,Surgery,82510759a69b1ac0c16af1aba830a2f2,2024-09-13 09:09:10
5,5,4,5,5,4,5,5,5,5,4,4,4,4,5,5,4,5,5,5,5,5,5,4,,5,2,4,3,4,2,2,,,2,2,1,1,18,4,Recovery Room,ee2be6c3ffe2add14d2a2a7b7a03a57c,2024-09-13 10:53:15
5,4,4,5,4,4,5,5,5,5,4,5,5,5,5,5,5,5,5,5,5,5,5,4,5,1,1,5,5,5,1,5,5,5,3,3,3,2,14,16,Rehab Administration 001,943e23a560bdec477d638b375cc4541d,2024-09-13 10:57:42
5,4,3,5,4,4,4,5,5,4,4,4,4,5,5,5,5,5,5,5,5,5,,5,5,5,2,4,5,5,5,4,4,3,2,2,2,1,18,4,Recovery Room,b12b6dbd53fc75884ff9657f92ec175e,2024-09-13 10:58:49
5,4,4,5,4,5,5,5,5,5,3,5,5,3,5,4,4,4,5,4,5,4,4,4,3,4,3,4,4,4,3,4,4,,2,2,2,1,18,4,Surgery,aa6d9e31369c5ab3e9a17cd244ccd7a5,2024-09-13 11:09:48
5,4,3,5,4,4,4,5,4,4,4,4,4,4,5,5,5,5,5,5,5,5,4,4,5,5,2,4,4,3,3,4,4,3,3,3,2,1,8,4,Intensive Care Unit,548307750138f0958e1d3b98d971df98,2024-09-13 11:47:20
5,5,5,5,5,5,,5,5,5,5,5,5,5,5,5,5,,5,5,5,,5,5,5,5,2,5,,,,,,,4,2,1,1,34,4,Patient Education,5c7be47fb9b6d1fba1aaa3207cdb8eff,2024-09-13 14:53:02
5,4,3,4,5,5,3,5,5,5,4,4,4,4,5,4,5,4,4,4,4,4,4,4,5,5,1,5,5,5,5,5,5,5,2,2,1,1,4,14,Surgery,fd61e743a836f5f7c52459fb04fe5804,2024-09-13 15:25:48
5,4,3,4,3,3,4,5,3,3,4,4,4,4,4,4,4,4,3,3,4,4,4,4,4,4,3,3,4,3,2,4,4,4,2,2,2,1,8,4,Intensive Care Unit,e009c772738ef5b21511df2fab4351be,2024-09-13 18:22:55
4,2,3,5,1,4,4,4,4,4,2,4,4,4,4,4,4,4,4,,3,4,5,4,,,1,3,4,4,4,2,4,4,1,1,2,1,6,4,Observation Unit 001,a0610157d7aeab0929df252ee84be37f,2024-09-13 19:01:14
5,4,3,4,4,3,3,5,4,3,4,3,3,3,3,4,4,3,4,3,4,4,3,3,,5,4,3,4,3,3,4,4,3,2,2,2,1,8,4,Intensive Care Unit,8cc469766d690d4e283f75452e9bced1,2024-09-13 19:39:30
5,4,4,5,,4,4,5,5,4,4,4,4,4,5,5,5,4,4,4,4,,5,,4,4,2,4,5,4,4,,,,4,4,2,1,24,16,Nursing Administration,3e727a550251e5cb35fc8d6b7c5b0a4f,2024-09-13 23:52:20
4,2,2,4,4,3,2,4,4,2,1,2,4,2,4,4,4,4,3,,4,5,,,5,5,2,3,4,2,2,2,2,4,2,2,2,1,4,4,Med Surg Unit,5c2974669180ee2c0b15bb038b610273,2024-09-14 02:21:34
5,2,3,4,4,4,4,5,4,4,3,3,3,4,4,4,4,4,4,4,4,4,3,4,5,5,2,4,2,2,2,2,4,4,3,3,2,1,8,4,Intensive Care Unit,236bb4e6ebb972f6b01761a122accaf9,2024-09-14 05:29:55
4,3,4,4,3,4,3,4,4,4,3,3,4,4,5,5,5,4,4,4,5,5,4,4,5,5,2,3,5,4,4,4,4,3,3,2,1,1,1,4,Float Staffing 001,1eb573c6f986f7a67edf9fe0d6c4f3a2,2024-09-14 05:38:43
5,4,4,4,2,3,4,4,4,4,4,3,3,4,4,4,4,4,4,4,4,4,5,4,4,5,1,4,4,4,3,3,3,4,2,2,2,1,9,4,Mother Baby Unit 001,a04db260f4fa98f38dfc4b7e359b81de,2024-09-14 11:17:49
5,4,4,2,3,2,2,5,4,2,4,,,3,,4,,3,3,3,,,,3,4,,2,4,4,4,4,4,4,5,1,1,3,1,6,4,Emergency Department,caa4e8fbbd8f90f7a610b7dfd94b5ca8,2024-09-14 14:09:21
4,2,1,2,2,1,2,4,4,2,2,3,2,2,4,4,4,4,4,,5,,,,5,5,1,3,4,4,4,4,4,4,3,2,1,1,1,3,Float Staffing 001,2623b5d05b40b946b57bfa42b1944396,2024-09-14 19:20:34
4,3,3,4,1,3,3,5,5,4,2,4,2,4,3,1,3,4,4,4,4,4,4,5,4,5,2,2,4,3,4,1,3,4,2,2,2,1,2,4,Observation Unit 001,a8ab0c1495f7b1a39915073da64136f3,2024-09-15 11:30:19
5,4,3,4,4,2,2,5,4,3,4,4,3,4,4,3,3,,,2,5,5,3,4,,,1,5,,,,,,,2,2,2,1,11,4,Neonatal ICU Unit 001,fc84b254acfc87b11ba22f035b8a1cb3,2024-09-15 19:58:47
5,2,3,4,4,5,5,5,4,2,5,3,5,5,5,4,5,5,5,5,4,4,5,4,2,,1,5,4,3,2,3,3,3,4,4,3,1,18,24,Surgery,2e0512286d99a3b785fd917e99122351,2024-09-16 04:52:09
5,5,2,5,4,4,4,4,4,4,4,4,4,3,4,4,4,5,5,5,5,5,5,4,4,5,2,4,5,4,4,4,4,5,2,2,2,1,9,4,Labor and Delivery 001,848b62c1e805e1a4759682e3d3ce5188,2024-09-16 05:39:24
5,4,4,3,2,4,4,4,5,4,4,4,4,4,4,4,4,4,4,3,3,3,4,4,4,4,4,4,4,3,3,3,4,4,2,2,2,1,9,4,Labor and Delivery 001,9e124bf7f246c5ba504423956de18ecb,2024-09-16 05:45:01
5,5,4,5,3,5,5,5,5,5,4,5,5,5,5,5,5,5,5,5,5,4,5,4,4,5,3,5,5,5,5,5,5,5,4,3,3,1,18,4,Surgical Services Admin 001,74c5438c27ca9da1c2b860ac978f3e6a,2024-09-16 06:24:30
5,2,3,4,3,3,3,5,5,4,1,3,2,2,5,5,5,2,2,,5,,5,5,,,2,2,5,4,1,2,2,2,1,1,2,1,3,4,Observation Unit 001,b9fb9047e4e686349a6a93acd2c2a8cf,2024-09-16 06:55:21
4,3,4,4,4,4,3,4,4,4,3,4,3,3,3,3,3,4,4,3,5,4,3,3,4,5,2,3,3,3,3,4,4,3,3,2,1,1,18,4,Surgery,49e61d107502d774ac08c5685d8ad90c,2024-09-16 07:24:13
5,4,5,5,5,5,5,5,5,5,5,5,5,5,5,5,5,5,5,,5,5,5,5,5,5,1,5,5,5,1,4,5,5,2,2,2,1,18,24,Surgery,51067106b16ab9d8728cbf172c17239a,2024-09-16 07:34:49
5,4,4,4,4,5,4,5,5,5,4,4,5,5,5,5,5,4,4,4,4,4,4,5,4,4,3,4,4,4,4,5,5,1,4,3,2,1,9,4,Labor and Delivery 001,9f81488765ebc238ee6365337f2d2d85,2024-09-16 07:46:24
5,4,4,4,4,4,4,4,4,4,4,4,4,4,4,4,4,3,4,4,5,5,3,4,4,5,2,3,4,3,4,4,4,4,2,2,2,1,8,4,Intensive Care Unit,d5134213623ec14178655a6b7e85eb98,2024-09-16 09:13:16
5,3,3,3,3,4,4,4,3,3,2,2,3,3,2,3,3,2,3,2,3,3,2,4,3,3,3,2,3,3,3,4,4,3,3,2,3,1,18,4,Surgery,3b2ca401df9d01a9cb371175b9d22214,2024-09-16 11:25:50
5,4,4,4,1,5,5,5,5,5,3,4,4,4,4,3,4,4,3,4,5,4,4,4,4,5,2,4,3,4,3,4,4,4,2,2,2,1,6,15,Observation Unit 001,34cdab08da8f1a6e027d9221d0ab58da,2024-09-16 11:50:53
5,4,4,5,5,5,5,5,5,1,5,3,1,5,5,5,5,5,5,5,5,4,4,4,,,1,5,4,4,2,3,,,4,4,2,1,18,4,Pre Surgery,602fb205856ce12aa963c7d1a41b6015,2024-09-16 12:49:48
4,3,3,4,5,3,3,4,3,3,4,4,3,4,4,4,4,3,4,3,4,4,4,4,,,1,4,4,4,3,,,,1,1,2,1,3,3,Pre Surgery,fd63d83d0461afe9546ac25cb6acbe13,2024-09-16 12:55:50
5,4,4,4,4,4,4,4,4,3,2,4,4,3,4,2,4,3,3,3,4,3,4,2,3,4,1,4,2,4,2,,,,2,2,2,1,18,20,Surgery,ebf385fdaebf8eb47264d647a21ffae7,2024-09-16 13:50:55
2,4,5,3,4,3,3,2,2,3,2,3,3,3,4,4,4,3,4,4,4,3,4,4,3,2,1,3,4,4,3,3,3,4,3,3,1,1,6,4,Emergency Department,9226a3dcd16a4361b628025254b0d298,2024-09-16 15:29:39
5,5,4,4,5,4,4,5,4,4,3,3,4,3,4,4,3,2,2,4,4,4,2,3,2,4,3,4,3,3,1,2,,,2,2,2,1,18,4,Recovery Room,3989094ded7f9bd87daaa1ccc892fc39,2024-09-16 15:55:49
5,3,4,4,4,4,4,5,5,4,3,4,4,4,5,4,4,3,4,3,3,3,4,4,3,5,5,3,3,3,2,4,4,4,4,4,2,1,34,4,Intensive Care Unit,18cbf43ecedc1ec004d389a7382fcfb2,2024-09-16 16:31:28
5,5,4,5,4,4,5,5,5,5,3,4,5,5,5,5,5,4,4,4,4,4,4,4,3,4,3,4,5,4,3,3,4,5,4,4,2,1,18,4,Surgery,c4ccb2fd5469a2da45e9b65f4ab9c966,2024-09-16 16:49:36
5,5,3,5,5,5,4,5,5,5,4,3,4,4,5,4,5,4,5,,5,5,5,4,,,1,4,4,,,,,,3,3,2,2,18,24,Materials Management,cc5d8b95cac7b52ad0e2cc3317e3cc34,2024-09-17 05:45:10
4,5,4,4,5,4,4,4,3,4,4,,,4,5,4,4,,,4,4,,,4,,,1,4,1,1,5,4,4,4,3,1,2,1,18,4,Recovery Room,8c8b8a0e16b4283cb94531f954f63896,2024-09-17 06:21:57
4,2,5,3,4,5,4,4,4,4,2,4,4,4,4,4,4,4,4,4,5,5,2,3,,,1,5,5,4,,,,,2,2,2,1,4,24,Surgery,c3ba0a5287214da236a9ac342c58234d,2024-09-17 06:41:39
4,3,3,3,3,4,4,4,3,4,2,3,2,3,4,4,4,5,5,5,4,3,4,3,3,4,2,3,4,4,4,4,4,4,4,2,2,1,18,4,Surgery,a14dfe44eba92839bc715b361235f19c,2024-09-17 06:54:14
5,4,3,4,1,4,4,5,4,4,3,4,4,4,4,4,4,3,3,3,4,3,4,3,3,4,2,4,4,4,3,4,4,4,2,2,2,1,18,4,Surgery,39f82fd0e9b7a73ee8ce169ba94b4a35,2024-09-17 10:05:55
4,4,3,4,3,4,4,4,3,4,3,4,5,4,4,4,4,5,5,5,4,4,3,4,4,5,2,4,4,4,2,4,5,5,3,3,2,1,4,14,Surgery,1fe66f371009a28ff10dc512ff7b45e1,2024-09-17 10:38:13
4,3,3,4,3,3,4,4,3,4,3,4,3,3,3,4,3,3,4,,5,4,4,4,,,2,3,3,3,4,4,,,4,2,2,1,18,4,Surgery,e5d5cd1c87e76f2445c86e0415e43f4c,2024-09-17 11:55:51
5,2,2,5,5,5,5,5,5,5,5,5,5,5,5,5,5,5,5,5,5,5,5,5,5,5,2,5,5,5,5,4,5,5,2,2,3,1,1,15,Pastoral Care Spiritual Care,cab4ce5b5c14d45c67d00462636a555a,2024-09-17 12:04:19
4,4,4,4,3,4,4,4,4,4,3,4,4,4,3,4,3,4,4,4,4,4,4,4,4,5,4,4,4,4,2,4,4,5,3,3,2,1,9,4,Labor and Delivery 001,cde405bdb2a078cc4c127f41d8a9607f,2024-09-17 12:38:07
5,3,3,5,5,2,3,5,5,3,4,4,3,4,5,5,5,4,4,5,5,4,3,5,4,5,3,5,3,3,1,3,3,4,2,2,1,1,11,4,Neonatal ICU Unit 001,ca9873aa5f3686d387e2b48308364d98,2024-09-17 13:36:29
5,4,4,5,5,5,5,5,5,5,5,5,5,5,5,5,5,5,5,5,5,4,5,5,4,5,1,5,5,5,1,5,5,5,1,1,2,1,9,4,Mother Baby Unit 001,88ead619352654a5e0e9bffccd644ca3,2024-09-17 16:52:03
5,5,,5,5,5,5,5,5,5,5,5,5,5,5,4,5,5,5,5,5,5,5,1,5,5,5,5,5,5,5,,,,4,4,3,2,24,15,Administration,8bc3498956722fdff512599d6d35bae9,2024-09-17 17:11:20
5,4,4,2,4,4,3,5,5,4,3,3,2,2,4,4,2,3,4,3,5,5,4,3,3,4,2,3,4,3,2,4,4,5,2,2,2,1,9,4,Labor and Delivery 001,a4eca720032e765131adae61cac45eb1,2024-09-18 00:43:41
5,5,4,3,4,3,2,5,4,3,3,,3,2,4,4,4,3,3,3,4,,4,3,,,1,,,,,,,,,,,,9,4,Mother Baby Unit 001,e43dadb6ce7dc3dc38783e87bc5b4598,2024-09-18 04:27:56
5,4,3,5,5,5,,5,5,5,4,4,5,4,5,5,5,3,5,5,4,,5,4,,,1,5,5,,3,5,5,5,4,4,1,1,4,4,Surgery,88239a9231cb8f8f4fdfeb3313b8fe8d,2024-09-18 05:40:02
5,4,4,4,4,4,4,5,4,4,4,4,4,4,4,4,4,5,5,5,5,4,4,5,5,5,1,4,4,4,4,4,,,3,3,2,1,34,14,Cardiac Cath Lab,9425bef500b6ed5e5c960be6cfc69a9d,2024-09-18 05:54:28
4,4,4,5,2,4,4,4,3,5,4,4,4,4,5,5,5,4,4,4,4,4,5,4,,,1,3,5,5,,3,,5,3,2,1,1,9,4,Patient Education 002,479a2eb920c27f22455c90e6b677b11e,2024-09-18 06:33:58
5,5,5,5,5,5,5,5,5,5,5,5,5,5,5,5,5,5,5,5,5,5,5,5,5,5,1,5,5,5,5,5,,,3,3,2,1,21,14,Cardiac Cath Lab,58cb7584a44ad41df8d6ab320fdc5942,2024-09-18 07:17:21
4,2,4,5,2,2,4,4,5,4,2,4,3,4,5,5,5,5,5,5,4,4,5,4,4,5,2,4,4,2,4,4,4,4,3,2,2,1,23,4,Case Mgmt,5d811d37c8c88b2fae40bab403b6e4ff,2024-09-18 08:24:34
5,2,4,4,2,2,2,4,4,2,3,4,4,3,4,4,4,4,4,3,4,3,4,3,3,5,2,4,4,4,2,4,4,4,4,4,2,1,9,4,Labor and Delivery 001,28f367881a39ec1d65cca25189fd5f9a,2024-09-18 08:28:33
5,4,2,4,4,4,4,5,4,4,4,4,4,4,5,3,5,4,5,5,4,4,5,1,5,5,1,5,5,5,4,4,4,4,2,2,2,1,2,3,Float Staffing 001,703a4e91e66c1c984eebbc378952a18d,2024-09-18 09:53:56
5,5,4,4,4,4,4,5,4,4,4,4,3,4,4,4,5,5,5,,5,5,5,5,,,1,5,5,5,4,3,,,2,2,2,1,5,24,Cardiac Cath Lab,e1f62848ec702b575c7ff5e1233b555a,2024-09-18 11:25:58
5,3,2,5,4,4,4,5,4,5,5,4,4,4,5,4,5,4,5,5,5,5,4,4,4,4,1,5,4,3,2,3,4,4,1,1,1,1,8,3,Intensive Care Unit,4b4bf08d6d435b2cf0d0c5a7a0a85bb1,2024-09-18 11:52:23
5,3,4,4,3,4,4,4,4,4,3,4,4,3,5,5,4,4,4,4,5,4,4,4,5,5,2,4,4,3,4,4,4,4,2,2,2,1,8,4,Intensive Care Unit,29e3424d7526da4518d7141b5f8d5480,2024-09-18 12:02:18
4,2,3,3,2,3,3,4,4,5,2,3,2,3,5,4,4,2,3,2,4,3,3,3,4,4,4,3,3,3,2,1,1,1,4,3,2,1,1,4,Float Staffing 001,7852063a87d6e82c05943c3c3f50b8ad,2024-09-18 12:21:21
5,5,4,4,4,4,4,5,4,5,5,5,4,4,4,4,5,4,5,3,5,5,5,3,4,5,1,5,5,4,4,4,4,4,3,3,1,1,2,14,Surgery,7e7a45f5d58822d3d1333557b219bebe,2024-09-18 14:51:17
5,4,4,4,2,4,4,5,4,4,4,4,4,4,4,4,4,4,4,4,5,4,4,4,4,4,2,4,4,4,2,3,4,4,1,1,1,1,2,4,Med Surg Unit,e234b849af0ed0c7ac4fae2cd5843779,2024-09-18 15:15:56
5,2,3,4,1,2,1,5,5,1,4,2,4,5,5,4,5,5,5,5,5,4,5,3,5,5,2,4,4,4,1,4,2,4,2,2,2,1,8,4,Intensive Care Unit,0c5433f9423debe9b03cba367cd0f541,2024-09-18 15:22:02
4,3,4,4,2,4,4,4,4,4,3,4,,4,4,4,5,5,5,5,5,5,5,5,,5,1,5,4,4,4,,4,4,2,2,2,1,2,3,Med Surg Unit,dd281a089905e2ecf64cb8b0e701b042,2024-09-18 15:26:26
4,1,1,4,4,3,4,4,4,4,4,4,4,5,4,4,5,3,3,4,3,3,4,4,4,5,2,4,4,4,4,4,4,4,2,2,1,1,11,4,Neonatal ICU Unit 001,df092342f1f2227b8c00190680684bd5,2024-09-18 15:58:15
5,2,4,2,4,4,4,5,5,3,4,2,4,4,4,5,4,3,4,3,4,,5,5,4,4,3,4,3,4,4,4,5,5,3,2,2,1,8,4,Intensive Care Unit,e33e0191739de2aacbb91483f169d935,2024-09-18 17:14:18
2,3,4,3,4,4,4,2,1,3,4,3,3,2,4,5,4,4,4,4,3,3,3,3,,,2,3,3,2,2,4,4,4,2,2,2,1,8,4,Intensive Care Unit,54a87e7c27e2d8930782a9b637340d96,2024-09-18 17:33:03
5,2,3,4,,5,5,5,2,4,4,3,4,4,5,4,4,4,5,5,4,3,3,4,4,4,5,4,4,3,4,2,3,4,2,2,3,1,11,4,Neonatal ICU Unit 001,5f98139b7739a1e66830f9c3c2c527e4,2024-09-18 19:56:05
5,4,3,3,3,3,3,4,4,3,4,4,3,3,3,4,3,,,,4,,,3,,,1,4,4,4,3,3,4,2,1,1,2,1,8,4,Intensive Care Unit,2ff9c76e69d47b99ed5907c8d518f5c7,2024-09-19 03:05:58
5,5,2,5,4,4,5,5,4,5,5,5,4,4,5,5,5,5,5,5,5,5,5,5,5,5,2,5,5,5,5,4,4,5,4,4,2,1,1,15,Nursing Administration,391e7932addaf64d701d48cc8eb230aa,2024-09-19 06:19:46
4,4,4,4,4,4,4,5,5,3,4,4,4,4,4,5,4,3,3,3,3,4,4,4,2,3,3,4,4,3,2,4,4,4,2,2,2,1,18,4,Recovery Room,ffd3f9c284a864090750feb2e51f3651,2024-09-19 06:40:57
5,4,4,4,4,4,4,5,4,4,4,4,4,4,4,5,5,5,5,5,5,5,5,5,5,5,1,5,5,5,5,5,5,4,2,2,1,1,11,4,Neonatal ICU Unit 001,a5c0165f7af8cb8550ca5efa719c54c6,2024-09-19 06:50:24
4,4,4,4,5,4,4,4,4,4,4,4,4,4,4,4,4,4,4,3,4,4,4,2,4,4,1,4,4,4,4,4,4,4,4,4,2,1,5,14,Cardiac Cath Lab,218cb915fd108c44cf67b0b83d0af6f3,2024-09-19 07:42:07
4,4,3,,,,,4,4,,,,,,4,4,4,,,,,,,,,,1,4,5,5,4,4,4,4,1,1,1,1,1,24,Float Staffing 001,0aaf05d93d70ff93d6bfdc3c5ba9e30c,2024-09-19 09:00:31
4,3,3,4,3,4,4,4,4,2,4,,,4,3,3,4,3,4,,4,,,,,,1,3,4,4,3,,,4,2,2,3,2,18,14,Surgery,11472a84f23582c16d6909b3f115a3a8,2024-09-19 09:43:54
4,4,5,2,4,1,1,5,5,2,3,4,3,4,3,3,4,5,5,4,3,3,2,3,4,4,1,4,4,2,2,4,4,4,2,1,2,1,6,4,Emergency Department,05e36c8ff67a3db7969b4922696050fe,2024-09-19 12:20:22
5,4,4,5,4,4,4,5,4,5,4,4,5,5,5,5,5,5,5,5,5,5,5,5,5,5,2,5,,3,,,,,2,2,1,1,18,4,Recovery Room,d2032bec71f42e5b76f78319bbfe6a56,2024-09-19 12:32:20
5,3,3,4,3,4,4,5,5,5,2,5,4,4,5,5,5,5,5,5,5,5,5,5,5,5,2,5,4,4,4,3,2,,2,2,2,1,23,15,Case Mgmt,6d86622c5140fbc10ff642bd72bfabb7,2024-09-19 12:52:23
5,5,1,5,1,1,1,5,1,5,1,5,1,1,5,1,5,5,5,5,5,5,5,1,5,5,1,4,5,5,1,1,1,5,2,4,2,1,9,4,Labor and Delivery 001,5993c1d0b4e0bf4f6ab6db5bb983c5f5,2024-09-19 18:45:44
,,1,,,5,2,5,5,5,,,,,5,,,1,,,,,,5,,,2,3,1,,1,5,5,5,2,2,3,1,34,4,Float Staffing 001,a99f9483a54cdf412c0f0722cf32057f,2024-09-19 21:41:47
4,5,5,5,4,2,2,5,5,3,5,4,3,5,4,5,5,4,4,4,5,5,3,5,5,5,2,5,5,5,5,5,5,1,2,2,2,1,9,4,Labor and Delivery 001,1a169b63653c5f228e893af52f515b31,2024-09-19 22:54:25
5,5,5,5,5,3,2,5,5,4,5,5,2,5,5,5,5,4,5,5,5,5,4,5,5,5,3,5,5,5,4,5,5,5,2,2,2,1,9,4,Mother Baby Unit 001,36306a805146443c61c35bb2a58ba077,2024-09-19 23:50:54
4,4,4,3,4,3,4,5,4,4,4,3,3,4,4,4,3,3,3,3,4,,3,4,4,5,4,3,3,3,3,3,3,4,3,3,2,1,9,4,Labor and Delivery 001,2146fe5f60408320090f04aa9533125e,2024-09-20 00:00:36
5,5,2,3,4,5,4,5,5,4,4,3,3,4,4,4,4,3,3,3,3,3,3,1,,,1,4,4,4,2,4,4,4,3,3,2,1,9,4,Labor and Delivery 001,e4832ad3ecda5caccb3c347ca4e7eaa2,2024-09-20 02:09:25
1,1,4,4,5,4,4,5,5,5,4,3,5,5,5,5,4,4,5,3,4,4,5,4,,,1,4,4,4,,3,3,3,4,4,2,1,34,14,Electrocardiography EKG,710a68b915815ee31a09f9331ec18f4e,2024-09-20 04:16:30
4,4,4,3,4,3,4,,,,,,,,,,,,,,,,,,,,,,,,,,,,,,,,9,23,Patient Access Admitting 002,89c7ac5645312044d876c2c7e6cd3580,2024-09-20 05:53:53
1,1,4,5,4,4,4,5,5,5,5,4,5,5,5,5,5,5,5,5,5,5,5,4,5,5,1,5,5,5,5,4,4,4,1,1,1,1,5,1,Cardiac Holding Recovery 001,f7ca65ebf2e02b90ba4246687c17240c,2024-09-20 06:14:52
5,3,4,5,4,4,3,5,3,4,4,5,4,5,5,5,5,5,5,5,5,5,5,5,3,4,1,5,5,5,4,4,4,4,1,1,2,1,21,14,Diagnostic Radiology,28346e6e2ee6d5d8f8a1415b6b263602,2024-09-20 06:22:40
4,3,2,4,3,4,3,4,4,4,4,4,4,4,4,4,4,4,5,4,5,5,5,5,5,5,1,5,4,4,4,4,4,4,2,2,2,1,1,14,Diagnostic Radiology,daad0b11acef5bae431ab2398cd2c271,2024-09-20 07:27:31
5,2,4,4,3,2,3,4,4,4,3,4,4,4,4,4,4,5,5,5,5,4,4,2,5,5,1,4,4,4,4,4,4,3,2,2,3,1,21,14,Computerized Tomography CT,d20d212b7a1dd3a1416e17e2d05d3edf,2024-09-20 07:28:55
4,2,3,4,2,3,2,5,4,4,2,4,4,5,3,3,3,5,5,5,4,5,4,4,5,5,2,4,4,4,4,4,4,2,2,2,3,1,21,14,Computerized Tomography CT,b43eb773680339bd1d22df77cd0b52d6,2024-09-20 07:32:54
5,3,3,2,3,4,4,5,4,4,4,5,4,4,4,5,5,4,5,5,5,,5,4,4,5,1,5,3,3,2,,,,1,1,2,1,21,14,Mammography 001,ccf07a5c5b63e6c9b4e69035af83c887,2024-09-20 08:38:14
4,4,3,3,3,3,3,5,4,4,2,4,3,4,4,4,4,4,3,4,5,5,,5,5,5,3,3,4,3,3,4,4,4,2,2,2,1,6,4,Emergency Department,ac8594c566322c27560bbe250839a8ba,2024-09-20 09:27:03
5,5,3,4,2,5,5,5,5,5,3,4,5,5,4,4,4,5,5,4,5,5,5,5,5,5,1,5,4,4,3,3,3,3,4,4,3,1,34,4,Other Pat Services Anc 001 (SHH Emerald Coast),3db11d4d5c2b3ca0c616824bab4304c5,2024-09-20 11:32:19
5,3,3,4,5,3,3,4,4,4,4,4,3,4,3,5,4,3,3,4,5,5,4,4,4,5,1,4,4,4,4,4,4,4,2,2,2,1,6,4,Emergency Department,3576665c82a61a9ff298cf918830c582,2024-09-20 11:32:58
3,2,2,2,4,1,2,4,2,2,4,3,2,2,2,,2,3,3,2,4,2,1,3,,,2,2,2,2,2,2,4,4,2,2,2,1,11,4,Neonatal ICU Unit 001,c0c82a94ebccfde67e249d78c9ec5111,2024-09-20 11:50:09
1,1,4,3,5,4,5,5,5,5,5,,,,5,5,5,,,5,5,5,,,,,1,5,5,5,1,5,5,4,1,1,3,2,24,16,Administration,2c5463f6207a3bcbce5fb09a4218c7b7,2024-09-20 11:51:31
4,2,3,3,2,3,3,3,3,3,1,3,3,4,3,3,4,2,3,4,5,5,3,3,4,,2,1,1,1,2,4,5,5,2,2,2,1,6,4,Emergency Department,9443c99bea2e8c3295d5c44ade192fe9,2024-09-20 12:05:54
5,5,5,5,5,5,5,5,5,5,3,5,5,5,5,3,5,5,5,5,5,5,5,5,,5,2,5,5,5,5,5,5,1,2,2,2,1,4,14,Surgery,5116081b63526016afe1cc0667a7716c,2024-09-20 12:27:00
4,4,5,4,4,5,5,4,4,4,4,4,4,5,4,5,5,5,4,4,1,4,5,5,4,5,1,4,4,4,4,4,,,3,3,2,1,21,14,PositronEmissionTomography PET,2bd645bf8fc13bb9aedaefc3a0b29748,2024-09-20 12:34:38
4,4,4,4,2,4,4,4,4,4,2,1,4,4,4,4,4,3,3,3,4,2,4,4,2,4,4,4,4,4,2,4,4,4,3,1,2,1,1,4,Float Staffing 001,2f52318fedf98e0bfa08ae6fc9c44f6e,2024-09-20 13:44:16
3,2,3,4,3,4,2,3,3,2,2,4,4,4,4,4,4,5,4,4,5,5,4,4,5,5,3,3,,,,,,,,,,,2,4,Med Surg Unit,4f6d548e379b32104b3b79e602d3d6b0,2024-09-20 14:07:07
5,3,3,4,4,3,4,4,4,3,2,4,4,3,5,4,4,4,4,4,3,3,3,4,4,4,1,3,4,4,4,4,4,3,2,2,2,1,3,4,Med Surg Unit,1d96f204f62ac2d83f88927afbdb83c8,2024-09-20 14:10:32
4,2,4,2,2,3,2,3,4,3,2,2,3,3,3,3,3,4,4,3,4,3,3,3,4,4,3,2,3,3,3,3,3,3,2,2,2,1,2,4,Med Surg Unit,38c8065ac3bbfe9ded41764e5f75b2cb,2024-09-20 14:10:34
5,4,4,4,3,4,2,5,4,3,4,4,4,4,4,5,4,3,4,3,4,4,4,4,4,5,2,4,4,4,4,4,4,4,2,2,1,1,9,4,Labor and Delivery 001,141a44707608342d208f5929dccd03b6,2024-09-20 14:38:13
4,2,3,4,3,3,3,4,4,4,3,4,4,4,4,3,3,4,5,5,4,4,4,2,4,4,2,3,4,4,2,3,4,3,2,2,2,1,1,4,Float Staffing 001,fcb13c2d4d2c23e0af7c151be7f91fa4,2024-09-20 21:25:10
3,1,1,2,2,1,1,3,3,2,1,2,2,2,2,3,2,3,4,3,5,5,2,4,4,4,5,3,2,1,3,3,2,1,3,3,3,1,2,4,Med Surg Unit,a1a5cd7826d5f2b5b12bce30b81aa1c2,2024-09-21 06:05:07
4,2,3,3,1,3,3,4,3,3,3,3,3,3,3,3,3,3,3,3,3,3,3,3,3,3,2,3,3,3,3,3,3,3,1,1,1,1,1,3,Float Staffing 001,08d8276c26f07ad1be902b1b662ad5db,2024-09-21 07:28:27
5,4,4,4,3,,,5,4,,4,,,,5,5,5,,,,,,,,,,1,4,5,5,1,4,4,4,1,1,1,1,1,3,Float Staffing 001,9d12b476fe5e659d7c15c1a9b0b125a6,2024-09-21 08:51:54
4,3,3,5,1,4,4,5,4,4,4,4,2,4,4,4,4,4,5,5,5,5,5,1,,,1,3,4,4,4,3,4,4,1,1,1,1,1,3,Float Staffing 001,65436a689970344749ccdf8b467711eb,2024-09-21 14:53:03
4,4,3,5,3,4,4,4,5,3,1,3,4,5,3,3,4,3,2,2,3,3,4,4,4,3,2,3,5,4,3,2,4,3,3,3,2,1,1,4,Float Staffing 001,e625b07fa858b17321b5695d8fb4c6f9,2024-09-21 16:26:29
4,4,3,4,3,3,2,4,4,4,3,4,4,4,4,4,4,5,5,5,5,4,4,4,3,4,1,4,2,3,2,4,4,4,4,4,2,1,1,12,Respiratory Care 001,dbd7f6c4cd32bf9999f39cedafa7dc67,2024-09-22 05:01:32
5,5,5,5,5,5,5,5,5,5,5,5,5,5,5,5,5,5,5,5,5,,5,5,5,5,2,5,4,5,4,5,,,3,2,1,1,18,4,Recovery Room,af7f2bcab43a7527c38f445781d7257b,2024-09-22 17:51:23
4,3,3,4,2,2,2,4,3,3,3,4,3,2,3,2,4,4,4,4,4,4,4,2,5,5,2,3,4,3,3,3,4,4,2,2,2,1,6,4,Emergency Department,db4786815334bcdc682b71bc1f47e29f,2024-09-23 05:25:01
5,2,3,5,3,3,4,5,3,4,4,4,5,4,2,4,5,4,5,5,5,3,4,4,,,1,5,5,5,1,3,4,5,2,2,2,1,9,23,Patient Access Admitting 002,15018489040c853ac0fce0145ebfa65e,2024-09-23 06:16:20
4,4,3,4,2,3,4,5,5,4,2,4,3,3,5,4,5,5,5,5,5,5,5,3,5,4,3,4,3,4,3,3,4,4,2,2,2,1,2,4,Med Surg Unit,ecb70a19070f11c3e8a49bc6d72e9f31,2024-09-23 06:50:48
4,4,2,3,4,5,5,5,4,4,4,4,4,4,5,4,5,5,5,5,5,5,5,5,5,5,1,5,5,5,4,4,4,5,4,4,1,2,34,4,Surgery,e1b0382bb86d2e37bef07096428da372,2024-09-23 09:38:09
5,3,3,5,4,4,3,5,5,4,5,4,4,4,5,4,5,5,5,5,5,5,5,4,5,5,1,5,,,,,,,1,1,1,1,34,4,Other Pat Services Anc 001 (SHH Emerald Coast),da561cee10d39f11e3724c85793975b7,2024-09-23 10:32:28
5,5,4,4,3,4,4,5,4,4,4,4,4,4,5,4,4,4,5,5,5,4,5,4,5,5,1,4,5,5,4,4,,4,2,2,1,1,21,14,Ultrasound,74665ed541a01eff500edcdade03ff3c,2024-09-23 11:23:00
5,1,2,4,2,2,4,4,5,3,2,4,3,4,4,5,5,5,5,4,5,5,5,4,,5,1,4,2,1,2,1,1,1,1,1,2,1,2,3,Med Surg Unit,5b20f39c47d41ab8af1bdb3f2c973345,2024-09-23 12:42:54
4,2,3,5,4,3,4,4,4,2,3,4,3,4,5,4,5,4,5,,5,5,5,4,5,5,1,3,5,4,3,3,4,4,1,1,2,1,2,3,Med Surg Unit,159cfae6f86a7cdb23d17f8bbb6de863,2024-09-23 12:52:56
1,4,3,4,3,4,4,4,2,4,1,3,4,3,4,2,3,3,3,3,4,,5,4,3,3,4,3,4,4,2,4,3,2,1,1,2,1,4,4,Med Surg Unit,d3ffaff34e5cbe0c1e203e476ba2131a,2024-09-23 12:55:58
5,2,3,5,4,4,3,4,5,5,2,3,4,4,4,4,4,4,4,5,4,2,3,3,5,5,5,2,2,2,1,4,5,3,2,4,2,1,2,4,Med Surg Unit,f7e69efb9df7b28d10e2534f8343b449,2024-09-23 13:10:23
5,4,3,4,4,4,4,5,4,4,3,4,4,5,4,5,4,4,4,5,4,4,5,4,,,1,4,,,,,,,2,2,2,1,21,14,Mammography 001,f28fdbe4f11c5dde421b38645eccbc4a,2024-09-23 13:23:01
5,5,5,5,4,5,5,5,5,4,4,4,4,5,5,5,5,5,5,5,5,5,5,5,3,,1,5,2,2,2,,,,4,2,2,1,21,14,Mammography 001,8cc1f8794da63d90e8b8d5ca611038ac,2024-09-23 13:52:55
5,2,2,4,2,4,4,5,5,5,2,3,4,3,5,4,4,3,5,3,5,5,5,4,,,1,5,2,3,2,,,4,4,4,2,1,21,14,Ultrasound,5bef783d399e7a054a26ab342392646a,2024-09-23 14:19:21
5,5,,5,3,4,,5,5,4,4,4,4,4,4,4,4,5,5,5,5,5,5,4,,5,1,5,4,4,4,,4,4,1,1,2,1,21,14,Mammography 001,1eced914d84bb1f5c1201445775add37,2024-09-23 14:49:35
5,3,3,3,3,2,3,5,3,4,4,3,3,3,3,4,4,4,4,3,5,4,4,4,5,5,3,4,3,4,3,3,3,4,3,4,1,1,9,4,Labor and Delivery 001,235fc2f9253e22023fd3ead72a6e0f1c,2024-09-24 00:21:40
4,3,2,4,2,4,4,4,4,3,2,4,4,4,4,4,4,4,4,3,4,4,4,4,4,4,2,3,4,3,4,3,3,,4,4,1,1,23,13,Case Mgmt,fbc5bd86fa4675e795fdf986341a2d3a,2024-09-24 05:03:08
5,3,2,4,3,3,3,,,,,,,,,,,,,,,,,,,,,,,,,,,,,,,,9,23,Patient Access Admitting 002,bae81f30d2f060c9f2f1792fa6cc207c,2024-09-24 05:33:57
5,5,5,5,5,5,5,5,5,5,5,5,5,5,5,5,5,4,3,3,5,4,4,5,3,3,3,3,5,5,5,2,,,4,4,2,1,18,4,Pre Surgery,9141060cec0ee46dc2157ba73833689d,2024-09-24 05:49:23
5,3,2,3,3,3,3,4,3,3,3,4,3,3,3,3,3,3,3,4,3,3,3,3,4,4,2,3,4,4,2,2,2,4,1,1,2,1,2,4,Med Surg Unit,ef493b6378fba6ab861b8cb871faf7aa,2024-09-24 07:02:46
5,5,5,5,5,5,5,5,5,5,4,4,5,5,5,5,5,5,5,4,5,5,5,4,4,5,2,5,5,4,5,,,,4,4,2,2,21,15,Mammography 001,6fbeb59c1c136fae455769bd335e1061,2024-09-24 07:26:34
,,,,,,,,,,,,,,,,,,,,,,,,,,,,,,,,,,,,,,1,3,Float Staffing 001,21cc2f30bdeffd21ffe606fac7e5f210,2024-09-24 08:25:43
4,5,1,4,3,3,4,3,4,3,3,3,4,4,4,4,4,4,4,5,5,5,5,3,3,,2,3,3,4,2,2,,,2,2,1,1,18,4,Recovery Room,2ec1ac913e720f97ebd4782ed1281a59,2024-09-24 08:40:48
5,4,5,5,5,5,2,5,5,4,5,4,4,4,5,5,5,5,5,5,5,5,5,4,4,4,2,4,2,3,3,4,3,3,3,2,2,1,18,4,Recovery Room,189f4c3daa31aaf095b533383ca5c54c,2024-09-24 09:02:15
5,5,5,5,5,5,5,4,3,4,5,5,3,5,5,5,5,,5,,5,5,5,1,,,1,5,5,5,,,,,2,2,2,1,18,4,Pre Surgery,a72c53e6819f8ef792fac66356e66f3f,2024-09-24 09:13:59
5,3,3,5,5,5,5,5,5,5,5,5,5,5,5,5,5,5,5,5,5,5,5,5,,,2,5,5,5,4,5,5,5,2,2,2,1,18,4,Surgery,2874892f63c0768ac3a92afb20c4b256,2024-09-24 09:57:40
5,4,2,5,4,4,4,5,4,4,4,4,4,4,1,5,1,5,5,5,5,5,5,5,,,1,4,4,4,4,,,,4,4,2,2,1,17,Materials Management,c30b10ed2f9a712320f81f8be9628f53,2024-09-24 11:29:39
4,4,5,5,5,5,5,4,4,4,4,5,4,5,5,5,4,3,4,3,5,5,5,5,5,5,4,5,5,5,1,,5,2,4,4,1,1,34,15,Nursing Administration,07a355f1593d0df8917c4a9d05f0e845,2024-09-24 11:38:28
5,4,1,4,1,2,4,5,4,5,2,5,4,,5,3,5,5,4,3,5,5,5,5,5,5,1,5,5,5,1,1,,,2,2,1,1,1,10,Physical Therapy,e1058f65ee9986887b85d61fd42d26f9,2024-09-24 12:22:45
4,3,3,3,4,4,4,4,4,4,2,4,4,5,4,4,4,5,5,4,5,5,5,5,5,5,1,4,4,4,4,4,4,4,2,2,2,1,18,4,Recovery Room,2343a00cb112cac3991787b297db15cc,2024-09-24 15:20:05
5,4,4,5,1,3,2,5,4,3,3,4,3,4,5,4,5,4,4,4,4,3,3,4,4,4,2,3,4,4,2,2,2,4,2,2,2,1,6,4,Emergency Department,ee41b2a2c71be57579aedfb119c92888,2024-09-24 18:52:29
4,1,1,2,3,1,2,3,4,3,1,3,1,1,1,2,2,5,2,2,4,3,2,3,5,5,3,2,1,1,5,1,1,1,1,1,2,1,2,4,Med Surg Unit,fa79815aafbcfcf1a74afd8142f8c6d3,2024-09-24 20:55:11
5,5,2,5,5,5,4,5,1,5,3,3,3,3,5,1,5,5,5,5,5,1,1,5,5,1,1,5,5,5,5,5,5,5,2,2,2,2,34,23,Materials Management,189d51c63a8199d0ae1dbd775d53c74e,2024-09-25 05:18:40
5,5,5,3,3,3,4,5,3,3,4,2,3,1,5,4,4,3,3,2,4,2,2,3,3,3,2,3,2,2,2,2,3,3,2,2,2,1,18,4,Pre Surgery,ae91154324329e96c86b7411baab1436,2024-09-25 05:43:30
3,3,3,3,3,3,3,3,3,3,3,3,3,3,3,3,3,3,3,3,3,3,3,3,3,3,2,3,3,3,3,3,3,3,2,2,2,1,21,14,Diagnostic Radiology,988249199d0d03e8a756e0b7f18d7451,2024-09-25 06:56:55
4,4,4,4,4,4,4,4,4,4,4,4,4,4,5,4,4,5,5,5,5,5,5,4,5,5,1,3,4,4,2,4,4,2,2,2,2,1,1,10,Physical Therapy,f6f45545a12fdd1ad360f16aa263f1c4,2024-09-25 08:35:54
4,4,4,3,3,3,3,4,4,4,4,2,4,4,5,4,4,5,5,5,5,,5,3,4,5,4,3,5,4,3,3,3,3,2,2,2,1,2,4,Med Surg Unit,91ac8c82d65099ecb541ebd0965eeb72,2024-09-25 09:10:00
5,4,4,4,4,4,4,4,4,4,2,4,4,4,4,4,4,5,5,5,5,5,5,4,5,5,2,4,4,4,2,4,4,4,3,3,3,1,21,14,Computerized Tomography CT,04a28521b704bfcdc906230dd180e434,2024-09-25 10:19:00
5,2,2,3,4,4,1,5,5,2,1,2,3,2,5,3,4,4,4,4,5,3,5,4,2,5,2,4,1,1,1,3,3,3,2,2,2,1,21,4,Diagnostic Radiology,6da25612a5846e233857b3afbd8a0903,2024-09-25 13:16:54
5,5,4,5,3,,,5,5,4,4,4,4,,4,,5,5,5,5,5,,5,,,,1,5,5,5,,,,4,1,1,1,1,1,6,Float Staffing 001,a286081f8cb60050ae72bd89e5fb97e6,2024-09-25 13:24:43
5,4,3,5,3,5,4,5,5,5,3,5,5,5,5,5,5,5,5,5,5,5,5,5,,,2,5,1,3,1,,,,3,3,2,1,21,14,Ultrasound,2a31e76bc5276d4f16779352f5008e6b,2024-09-25 13:27:11
4,4,4,4,4,4,4,4,4,4,4,4,4,4,4,4,4,5,5,4,5,5,5,5,,,2,5,5,5,1,3,4,4,1,1,2,1,18,4,Surgery,96203a06fba2977312bd902f5c3990c6,2024-09-25 13:31:30
5,5,5,5,5,5,5,5,5,5,5,5,5,5,5,5,5,5,5,5,5,5,5,5,5,5,1,5,5,5,4,4,4,4,3,3,1,1,9,4,Labor and Delivery 001,9777e9f94eae873e667a043f2d444290,2024-09-25 14:37:36
2,2,3,3,3,2,2,3,2,3,1,3,3,2,4,2,4,4,3,4,3,,4,3,4,,2,3,4,4,4,5,,,1,1,3,2,1,24,Materials Management,516c2653ef34b8d635293943ed6325ef,2024-09-25 15:11:49
5,5,2,5,3,3,3,5,4,5,3,5,5,3,5,4,5,5,5,5,5,5,5,1,4,5,2,5,5,4,4,3,4,3,1,1,2,1,4,4,Med Surg Unit,bb0b52642434a4ddd79bcdfb8f222214,2024-09-25 17:03:06
4,5,5,,4,4,2,5,4,4,4,,4,2,4,4,,4,3,4,4,3,2,3,3,3,3,4,2,2,1,4,4,,2,2,2,1,18,4,Recovery Room,d63b1e0c335ced34c81b8da76a9997dd,2024-09-25 18:05:41
5,2,2,4,4,4,3,5,5,5,2,4,3,4,4,4,4,5,5,4,4,4,3,3,4,4,1,4,1,2,2,5,5,4,2,2,1,1,6,9,Emergency Department,5f62253ee8ba29ef2054c549c933249e,2024-09-26 05:47:20
5,5,,,,4,4,5,5,5,,,,,5,5,,5,5,5,,,,5,,,1,5,5,5,1,,,,4,4,2,2,34,24,Materials Management,94c745bf7707328c0361db75a5623441,2024-09-26 06:07:26
5,4,4,5,5,4,4,5,5,4,4,4,4,5,5,5,5,5,5,5,5,5,5,5,,,1,5,4,4,2,4,,,2,2,2,1,1,14,Electrocardiography EKG,47377927e4e89d456c7f01a10b74237f,2024-09-26 08:42:38
5,5,4,5,4,5,4,5,5,5,4,5,5,5,5,5,5,5,5,5,5,5,5,5,5,5,1,5,5,5,5,4,4,4,4,4,2,1,21,14,Magnetic Resonance Imaging MRI,dad59bd3ba6a84b9a5e5c0901141dca0,2024-09-26 10:34:51
5,2,2,3,1,4,3,4,5,5,4,5,4,4,5,5,3,2,4,,5,5,5,4,,,1,5,4,4,2,2,2,4,3,3,3,1,34,24,Pastoral Care Spiritual Care,f24224794146b266c88d7fe49ab0dfe3,2024-09-26 12:07:43
5,4,3,4,4,4,2,3,4,4,4,4,4,4,4,4,4,3,4,4,3,3,4,4,4,4,2,4,4,4,2,4,4,4,2,2,2,1,9,4,Mother Baby Unit 001,ed5439c4616f5fc818b64c553c0cb948,2024-09-26 13:14:48
5,4,4,4,2,4,4,5,4,4,3,4,4,4,4,4,4,5,5,5,5,5,5,4,5,5,2,5,5,4,4,4,4,4,2,2,1,1,6,4,Observation Unit 001,1fbcefecd8172471cd8d3a68ab537896,2024-09-26 15:17:34
5,4,4,3,4,4,3,4,4,3,1,2,3,4,,,,,,,,,,,,,,,,,,,,,,,,,2,4,Med Surg Unit,434b7ecd0a65450922fc3069de9df026,2024-09-26 15:28:42
5,2,2,4,3,2,2,5,5,,,,,,,,,,,,,,,,,,,,,,,,,,,,,,21,14,Computerized Tomography CT,c4468363fdc8b4cc9edc00a3edc57942,2024-09-26 17:38:52
4,4,2,4,2,3,3,4,4,4,4,4,4,3,4,3,3,3,4,,4,4,4,2,,,2,4,4,4,4,,4,4,3,3,2,1,9,4,Labor and Delivery 001,efb1b502ebcf2c9409d3761c554db987,2024-09-26 22:28:30
4,3,3,3,1,2,2,5,3,2,2,3,2,4,3,3,2,4,3,,5,2,,3,3,5,5,5,2,4,2,4,4,4,3,2,2,1,9,4,Labor and Delivery 001,deffa3ff61600663a263fa91890af812,2024-09-26 22:31:53
4,2,4,4,4,3,3,4,4,3,4,3,3,4,,4,4,4,5,,4,,,4,,,,,,,,,,,,,,,4,4,Med Surg Unit,c0a4ca180fa93f5562127b22d3e861ed,2024-09-27 01:42:08
5,5,4,5,5,2,3,5,3,3,4,4,4,5,5,5,5,5,5,5,5,5,5,5,5,5,1,5,4,4,2,4,4,4,1,1,2,1,1,3,Float Staffing 001,0701e203bf40d41a5e5ea94c327f0437,2024-09-27 02:40:04
5,4,2,2,2,4,4,4,4,4,4,4,3,2,4,3,4,4,3,3,4,4,2,4,4,4,3,3,4,4,2,4,4,4,2,2,2,1,9,4,Mother Baby Unit 001,7d90f680f7d4150744077f19bbdc846a,2024-09-27 06:20:58
5,3,3,5,3,4,2,4,4,5,3,4,4,5,5,4,5,5,5,4,4,4,4,5,5,5,3,5,3,4,3,3,3,3,4,3,2,1,21,4,Diagnostic Radiology,b939994c6fbf0ad260a5fd1b887d2366,2024-09-27 07:01:27
5,4,4,4,3,4,4,4,4,4,4,4,4,4,4,4,4,2,2,2,3,4,4,4,3,3,3,4,3,4,4,4,4,4,3,2,1,1,3,4,Float Staffing 001,64c90b6fd376697baa500daa2abca484,2024-09-27 09:02:21
4,,,,,,,3,2,,,,,,4,,4,,,,,,,,,,1,3,4,,,,,,3,3,2,1,5,23,Cardiology Services Admin 001,4d7f7045dd9f42fc222c95a7808aefac,2024-09-27 09:13:15
5,5,3,5,5,4,5,5,5,5,5,5,4,5,5,5,5,5,5,5,5,5,5,5,4,4,1,5,5,5,4,4,4,4,3,3,2,1,9,14,Patient Access Admitting 002,2fd2693024906b67f45bc3ea87c28c27,2024-09-27 09:13:38
4,1,3,2,2,3,3,4,3,3,3,3,,,4,4,4,5,4,5,3,3,3,,4,5,2,3,3,3,2,2,2,3,2,2,1,1,11,1,Neonatal ICU Unit 001,e1540e87a8027b401137ca7d10bf7bb5,2024-09-27 09:34:55
5,4,3,4,4,4,4,5,4,4,3,4,4,4,4,4,4,,5,5,5,5,5,5,5,5,1,5,5,5,1,1,1,5,1,1,2,1,21,14,Ultrasound,e7a990de259e1dfbe8ed5d4b33e14382,2024-09-27 09:35:46
5,4,1,5,2,3,3,4,4,4,4,4,,4,4,4,4,5,5,,4,,4,4,,,1,4,4,4,4,4,4,4,2,2,2,1,9,4,Mother Baby Unit 001,1f17de880b2b908d967e9ff60cd4de8d,2024-09-27 09:53:21
5,4,4,4,2,4,4,5,3,4,4,4,4,4,3,4,4,5,5,4,5,5,4,4,5,5,1,5,3,4,3,3,,,2,2,1,1,34,4,Other Pat Services Anc 001 (SHH Emerald Coast),1c09aed280208714be3fd34aa5cbe36b,2024-09-27 10:41:00
5,2,4,3,2,4,4,5,3,4,4,3,4,4,4,4,4,3,5,3,4,4,,4,5,5,1,4,4,4,4,4,4,4,3,2,1,1,11,4,Neonatal ICU Unit 001,8a5dfed1796be97b580984487ccd050d,2024-09-27 11:43:49
5,2,4,3,2,3,4,5,4,4,2,3,3,4,4,4,2,5,5,4,5,4,2,3,3,5,1,3,1,1,2,5,5,4,2,2,2,1,6,4,Emergency Department,c412901458328a785dbb3b17000f1214,2024-09-27 12:28:09
5,3,3,4,2,4,4,5,5,4,4,3,5,5,5,4,5,5,5,5,5,5,5,4,5,5,1,5,5,4,5,5,5,1,2,2,2,1,17,14,Surgery,2dd7ab1b4d90d572b65ec70cc1fa001f,2024-09-27 14:04:11
5,4,2,4,4,5,4,5,5,4,3,4,4,4,5,5,5,4,4,4,4,,5,5,5,5,1,4,4,4,2,,,,2,2,2,2,1,20,HIM Coding Documentation 001,874dd9c96b0fac4790c3699f398cfe8d,2024-09-27 14:05:43
4,2,2,4,2,4,2,4,4,,,4,3,3,4,4,3,4,4,4,3,2,4,4,3,4,1,3,3,3,3,4,4,4,2,2,1,1,34,3,Neonatal ICU Unit 001,c3a45178058e66112bb16b8e7ae19ac4,2024-09-27 14:28:32
5,4,4,3,4,3,4,5,4,3,4,3,3,4,4,4,4,4,4,4,4,3,4,4,4,5,2,3,3,3,3,2,4,4,3,2,2,1,8,4,Intensive Care Unit,e4c2395e5d86269dbc8306768ccfc95d,2024-09-27 15:32:48
5,4,4,4,1,3,2,5,4,3,2,3,3,3,4,4,4,5,4,3,5,5,4,4,5,5,5,3,2,2,2,4,4,2,3,3,2,1,2,4,Med Surg Unit,6e0cd218435b54ff19e24e80c57843e4,2024-09-27 18:48:35
5,4,3,,4,4,,5,4,5,4,,4,,,4,4,,,,,,,,,,2,5,4,4,3,4,4,4,1,1,1,1,1,24,Float Staffing 001,bdb5b83cb91bdc93453371de9cb454c2,2024-09-28 07:51:22
5,4,5,5,3,2,1,5,2,2,2,4,4,4,4,3,4,4,4,4,4,4,3,3,4,4,2,4,5,5,4,4,4,5,3,3,1,1,6,4,Emergency Department,ef3ac8b8402a46bd86b1b875a48f9580,2024-09-28 19:53:25
5,3,4,4,4,3,3,4,1,3,4,4,4,4,4,4,4,3,3,3,3,3,4,4,3,3,3,4,4,4,4,4,4,4,2,4,2,1,9,4,Mother Baby Unit 001,059cd4bf07c0fa93a2f71798c4417aef,2024-09-28 20:12:08
4,2,3,2,3,3,2,4,4,3,3,3,3,4,4,4,3,3,3,3,3,,,,2,4,1,3,3,3,3,2,4,3,2,2,2,1,21,14,Diagnostic Radiology,c6f88b12e2345484876e15269ad27ee2,2024-09-29 19:45:36
